SpecCode,SpecCommon,PlotName,DBH,HtTot,bio_wood,bio_bark,bio_foliage,bio_branches
1,Eastern White Pine,ACH_BPGP,19.8,18.6,95.33,16.08,8.163,10.7
1,Eastern White Pine,ACH_MPGP,12.4,13.7,29.3,5.52,3.436,3.342
1,Eastern White Pine,ACH_APGP,17.3,16.8,66.8,11.66,6.412,7.762
1,Eastern White Pine,ACH_MPGP,26.7,21.3,189.2,30.07,14.7,24.01
1,Eastern White Pine,CE7014PSP,4,4.1,0.9945,0.2659,0.5606,0.3334
1,Eastern White Pine,LWP1994013PSP,19.9,11.49,55.62,10.22,11.01,18.36
1,Eastern White Pine,CE1007PSP,2.6,3.16,0.3439,0.1014,0.2496,0.1117
1,Eastern White Pine,ACH_MPGP,16,14,47.25,8.602,6.002,7.373
1,Eastern White Pine,CE3002PSP,45.2,29.7,704.1,99.03,39.19,89.99
1,Eastern White Pine,CE1010PSP,4.5,4.43,1.339,0.3482,0.6968,0.4467
1,Eastern White Pine,FCTEM2004070PGP,5.1,4.41,1.664,0.4267,0.9247,0.6697
1,Eastern White Pine,CE0068PSP,32.8,24.4,318.4,48.19,21.49,39.98
1,Eastern White Pine,SR0401PSP,3.5,3.5,0.6552,0.1831,0.4569,0.2584
1,Eastern White Pine,CE1017PSP,9.9,6.95,9.077,1.983,3.112,3.403
1,Eastern White Pine,ACH_EPGP,16,20.1,71.28,12.16,4.837,4.975
1,Eastern White Pine,SR4222PSP,57.5,29.4,1068.0,146.2,67.58,196.4
1,Eastern White Pine,CE1004PSP,4.7,3.73,1.19,0.3174,0.8511,0.6189
1,Eastern White Pine,ACH_FPGP,45.1,29.08,684.7,96.69,39.49,91.43
1,Eastern White Pine,CE3014PSP,2.9,4.85,0.6796,0.1832,0.2468,0.09936
1,Eastern White Pine,CE5007PSP,54.4,29.41,967.9,133.4,59.68,164.5
1,Eastern White Pine,CE3029PSP,18.7,22.3,105.8,17.4,6.446,7.315
1,Eastern White Pine,1253186PIP,13.7,8.2,19.52,3.983,5.835,8.032
1,Eastern White Pine,ACH_BPGP,43.4,30.7,680.2,95.56,35.08,76.23
1,Eastern White Pine,SR0406PSP,37.1,24.7,401.9,59.81,28.11,58.49
2,Red Pine,ACH_KPGP,30.7,21.7,273.4,21.01,23.1,34.48
2,Red Pine,WWA1993003PSP,4,3.54,0.6634,0.4094,0.7414,0.3022
2,Red Pine,CE4113PSP,30.6,27.57,373.6,23.37,19.21,25.62
2,Red Pine,CE1039PSP,8.9,7.94,8.008,2.008,2.663,1.729
2,Red Pine,CE3000PSP,6.8,8.2,5.187,1.354,1.384,0.6687
2,Red Pine,FCBOW56-2005-14PGP,3.8,4.8,0.9078,0.4362,0.5251,0.1766
2,Red Pine,CE2007PSP,33.9,17.2,239.3,21.93,34.59,63.66
2,Red Pine,CE3000PSP,18.5,21,106.6,9.588,7.22,6.45
2,Red Pine,CE1008PSP,7.1,5.4,3.215,1.191,2.084,1.274
2,Red Pine,CE4110PSP,2.9,3.1,0.3145,0.2362,0.3848,0.1192
2,Red Pine,CE1017PSP,50.8,19.6,583.1,43.08,81.07,214.3
2,Red Pine,ACH_CPGP,33,26.77,410.7,25.86,23.43,34.27
2,Red Pine,ACH_CPGP,26.4,25.1,253.8,17.88,14.57,17.38
2,Red Pine,CE3004PSP,16.8,16.8,66.83,7.467,6.79,6.075
2,Red Pine,CE0067PSP,14.3,15.17,43.86,5.575,5.019,3.976
2,Red Pine,ACH_HPGP,30.5,20.1,244.1,20.08,24.07,36.95
2,Red Pine,CE1033PSP,38.1,23.26,439.6,30.13,36.41,65.94
2,Red Pine,ACH_APGP,4.8,6.4,2.013,0.711,0.7343,0.2763
2,Red Pine,LWP1993001PSP,17.7,21.44,101.4,9.052,6.41,5.418
2,Red Pine,CE2015PSP,21.3,17.9,110.7,11.03,11.3,12.58
2,Red Pine,ACH_KPGP,17.8,17,75.22,8.197,7.708,7.285
2,Red Pine,CE1000PSP,21,15.55,89.57,10.11,12.13,14.18
2,Red Pine,CE2007PSP,3.3,3.1,0.3955,0.2874,0.5209,0.1846
2,Red Pine,CE1011PSP,14.9,10.36,28.42,4.971,7.322,7.206
3,Jack Pine,FCABI200418PGP,4,6.52,2.136,0.3955,NotAv,0.2038
3,Jack Pine,FCTEM2003059PGP,22.6,17.5,135.9,11.36,NotAv,15.43
3,Jack Pine,FCBOW12-9A-0PGP,18,17.3,91.25,7.842,NotAv,7.781
3,Jack Pine,KLK1994027PSP,13.3,11.37,32.46,3.764,NotAv,4.656
3,Jack Pine,FCABI200523PGP,31,19.16,259.5,19.88,NotAv,37.12
3,Jack Pine,GGM1994017PSP,32,24.7,375.6,24.33,NotAv,31.88
3,Jack Pine,FCDOM200334PGP,29,24.04,307.5,20.46,NotAv,24.22
3,Jack Pine,FCWEY4S2001059PGP,33.8,24.9,416.1,26.69,NotAv,37.39
3,Jack Pine,FCWEY4S2002009PGP,14.7,10.6,35.22,4.236,NotAv,6.774
3,Jack Pine,FCBOW4-2002-11PGP,5.6,6.28,3.597,0.6625,NotAv,0.5918
3,Jack Pine,FCDOM200436PGP,26.1,20.95,216.9,15.92,NotAv,20.09
3,Jack Pine,FCWEY4S2001040PGP,19.9,14,83.05,8.116,NotAv,13.02
3,Jack Pine,GGM1994002PSP,14.5,18.55,69.09,5.784,NotAv,3.751
3,Jack Pine,1191036PIP,23.3,19.4,162.7,12.69,NotAv,15.31
3,Jack Pine,LSJP1993031PSP,5.7,5.42,3.085,0.6243,NotAv,0.7218
3,Jack Pine,LSJP1993002PSP,11.5,8.55,17.8,2.517,NotAv,3.948
3,Jack Pine,FCWEY4S2002024PGP,4,5.5,1.728,0.3574,NotAv,0.2409
3,Jack Pine,FCBOW12-2002-13PGP,7.2,4.71,3.842,0.8344,NotAv,1.693
3,Jack Pine,GGM1994025PSP,35.6,24.72,450.1,28.87,NotAv,44.13
3,Jack Pine,PIK2001004PSP,9.9,12.25,21.64,2.454,NotAv,1.754
3,Jack Pine,FCABI200528PGP,8,12.12,14.9,1.734,NotAv,0.9239
3,Jack Pine,FCWEY4S2002053PGP,5.1,4.93,2.272,0.4939,NotAv,0.5638
3,Jack Pine,FCTEM2003070PGP,25.4,14.48,130.8,12.23,NotAv,26.56
3,Jack Pine,WWA1995022PSP,35.4,26.97,497.0,30.13,NotAv,39.82
5,Pitch Pine,SR5023PSP,16.8,10.6,178.1,178.1,178.1,178.1
5,Pitch Pine,SR5023PSP,23.2,11.1,257.5,257.5,257.5,257.5
5,Pitch Pine,SR5023PSP,28.4,9.5,269.8,269.8,269.8,269.8
5,Pitch Pine,SR5023PSP,11.7,8.1,94.77,94.77,94.77,94.77
5,Pitch Pine,SR5023PSP,3.4,3.47,11.8,11.8,11.8,11.8
5,Pitch Pine,SR5023PSP,7.4,4.82,35.67,35.67,35.67,35.67
5,Pitch Pine,SR5023PSP,31.7,13.1,415.3,415.3,415.3,415.3
5,Pitch Pine,SR5023PSP,9.2,6.71,61.73,61.73,61.73,61.73
5,Pitch Pine,SR5023PSP,26.3,14.4,378.7,378.7,378.7,378.7
5,Pitch Pine,SR5023PSP,28.9,14.1,407.5,407.5,407.5,407.5
5,Pitch Pine,SR5023PSP,18,9.25,166.5,166.5,166.5,166.5
5,Pitch Pine,SR5023PSP,9.4,8.19,76.99,76.99,76.99,76.99
5,Pitch Pine,SR5023PSP,26.5,8.98,238.0,238.0,238.0,238.0
5,Pitch Pine,SR5023PSP,11.2,7.51,84.11,84.11,84.11,84.11
5,Pitch Pine,SR5023PSP,5.5,8,44.0,44.0,44.0,44.0
5,Pitch Pine,SR5023PSP,12,7.8,93.6,93.6,93.6,93.6
5,Pitch Pine,SR5023PSP,20.8,8.8,183.0,183.0,183.0,183.0
5,Pitch Pine,SR5023PSP,5.6,4.87,27.27,27.27,27.27,27.27
5,Pitch Pine,SR5023PSP,4.1,5.01,20.54,20.54,20.54,20.54
5,Pitch Pine,SR5023PSP,6,5,30.0,30.0,30.0,30.0
5,Pitch Pine,SR5401PSP,50.2,24.7,1240.0,1240.0,1240.0,1240.0
5,Pitch Pine,SR5023PSP,11.7,9.25,108.2,108.2,108.2,108.2
12,White Spruce,FCTEM2004040PGP,33.7,24.4,328.1,38.45,25.18,40.79
12,White Spruce,CHA2008002PSP,4.2,3.5,1.179,0.3189,1.53,0.6253
12,White Spruce,HEA1995002PSP,10.2,9.4,15.17,2.727,4.222,3.203
12,White Spruce,LSJP1994009PSP,8,5.35,5.667,1.253,4.428,2.676
12,White Spruce,GGM1994013PSP,27.4,21.36,198.8,24.83,17.83,25.49
12,White Spruce,FCBOW78-2626-6PGP,9.3,8.91,12.2,2.252,3.597,2.583
12,White Spruce,FCTEM2001018PGP,4.3,4.26,1.49,0.377,1.301,0.559
12,White Spruce,CE7003PSP,3.1,2.6,0.512,0.1571,1.033,0.3444
12,White Spruce,FCTEM2004058PGP,24.5,18.12,138.6,18.46,16.4,21.52
12,White Spruce,FCDOM200435PGP,5.8,4.52,2.7,0.6508,2.483,1.245
12,White Spruce,CHT2002019PGP,38,23.33,389.6,45.78,35.22,59.88
12,White Spruce,CHT2002034PGP,45.2,26.57,603.8,66.86,46.07,87.31
12,White Spruce,1253116PIP,15.2,12.9,42.25,6.588,7.679,7.501
12,White Spruce,FCTEM2002047PGP,31.7,23.04,278.0,33.39,23.2,36.08
12,White Spruce,FCTEM2001093PGP,23.2,14.8,103.2,14.76,18.04,22.15
12,White Spruce,ACH_CPGP,33.5,28.2,373.7,41.81,21.14,35.14
12,White Spruce,FCTEM2001118PGP,7,5.18,4.321,0.9782,3.34,1.882
12,White Spruce,COC2019001PSP,6.1,4.5,2.943,0.7069,2.814,1.444
12,White Spruce,CHA1995012PSP,12.1,8.3,18.26,3.361,7.28,5.846
12,White Spruce,CE0071PSP,38.4,26.5,449.5,50.62,31.34,54.93
12,White Spruce,FCTEM2003046PGP,15.5,12.9,43.76,6.81,8.044,7.932
12,White Spruce,FCBUC_LH200706PGP,23.5,10.3,74.2,11.92,27.81,31.99
12,White Spruce,FCBOW56-021-0PGP,18.7,10.4,49.7,8.141,15.97,16.51
12,White Spruce,BP1993040PSP,29.2,21.03,219.5,27.38,21.11,31.01
13,Black Spruce,TBP1992006PSP,7.7,7.6,8.429,1.528,2.44,1.636
13,Black Spruce,1314886PIP,26.8,20.3,200.6,25.58,15.76,23.47
13,Black Spruce,FCTEM_KAP2000046PGP,21,16.27,104.8,14.46,11.39,14.53
13,Black Spruce,LSJP1993012PSP,16.6,11.05,47.13,7.443,10.56,11.72
13,Black Spruce,FCWEY_KEN2003016PGP,13.6,14.01,42.15,6.152,4.566,4.369
13,Black Spruce,FCTEM2003074PGP,25.2,22.01,195.3,24.24,12.04,17.12
13,Black Spruce,LSJP1994003PSP,4.6,5.11,2.296,0.4797,1.115,0.5375
13,Black Spruce,SUD2004003PGP,7.1,5.22,5.019,1.036,3.313,2.143
13,Black Spruce,GCF1994008PGP,25.4,18.54,166.8,21.95,15.54,22.42
13,Black Spruce,CHA1995002PSP,5,5.2,2.704,0.5611,1.35,0.6878
13,Black Spruce,BP1993015PSP,9.2,7.42,11.24,2.05,3.987,3.021
13,Black Spruce,1170511PIP,8.1,6.3,7.633,1.474,3.594,2.518
13,Black Spruce,1211956PIP,11.5,10.4,23.31,3.775,4.46,3.865
13,Black Spruce,1143071PIP,18.8,12,63.66,9.76,13.0,15.62
13,Black Spruce,1184261PIP,30.3,27,331.0,38.22,14.63,23.33
13,Black Spruce,FCTEM2002012PGP,27.2,17.64,178.9,23.93,19.85,30.07
13,Black Spruce,KLK1994043PSP,9.4,8.7,13.69,2.363,3.388,2.584
13,Black Spruce,FCWEY_KEN2003021PGP,20.4,16.8,102.9,14.04,10.12,12.63
13,Black Spruce,FCBOW78-003-0PGP,29.8,19.4,230.9,29.86,22.04,35.36
13,Black Spruce,FCBOW12-167-4PGP,28.2,22.49,243.0,29.9,15.61,23.95
13,Black Spruce,FCACI_KE200005PGP,13.8,13.85,42.74,6.263,4.817,4.657
13,Black Spruce,FCBOW56-2006-06PGP,27.2,21.84,221.5,27.54,14.81,22.2
13,Black Spruce,FCABI200322PGP,22.7,19.1,141.1,18.4,11.17,14.91
13,Black Spruce,FCWEY4S2001067PGP,3.7,3.64,1.116,0.2626,1.013,0.4285
14,Red Spruce,HEM_LAWR130PGP,24.1,20,180.9,NotAv,NotAv,NotAv
14,Red Spruce,NOR2013002PSP,21.5,18.6,135.4,NotAv,NotAv,NotAv
14,Red Spruce,NOR2013002PSP,39.7,23,500.2,NotAv,NotAv,NotAv
14,Red Spruce,HEM_LAWR228PGP,40,14,251.9,NotAv,NotAv,NotAv
14,Red Spruce,HEM_LAWR228PGP,43.4,22.4,558.0,NotAv,NotAv,NotAv
14,Red Spruce,NOR2013002PSP,23.6,17.3,142.5,NotAv,NotAv,NotAv
14,Red Spruce,NOR2013002PSP,37.1,19.6,357.4,NotAv,NotAv,NotAv
14,Red Spruce,NOR2013002PSP,18.7,12.1,58.79,NotAv,NotAv,NotAv
14,Red Spruce,HEM_PECK614PGP,6.9,5,3.293,NotAv,NotAv,NotAv
14,Red Spruce,HEM_CLYD204PGP,47.8,7,127.4,NotAv,NotAv,NotAv
14,Red Spruce,NOR2013002PSP,26.4,17,167.2,NotAv,NotAv,NotAv
14,Red Spruce,CE1005PSP,3.6,3.8,0.7681,NotAv,NotAv,NotAv
14,Red Spruce,HEM_LAWR130PGP,9.4,7,8.788,NotAv,NotAv,NotAv
14,Red Spruce,NOR2013002PSP,14.9,16.4,62.07,NotAv,NotAv,NotAv
14,Red Spruce,NOR2013002PSP,17.1,16.3,77.17,NotAv,NotAv,NotAv
14,Red Spruce,NOR2013002PSP,13.1,8.5,19.93,NotAv,NotAv,NotAv
14,Red Spruce,NOR2013002PSP,21.7,13,83.06,NotAv,NotAv,NotAv
14,Red Spruce,NOR2013002PSP,29.6,19.1,237.7,NotAv,NotAv,NotAv
14,Red Spruce,CE1005PSP,3.5,3.43,0.6349,NotAv,NotAv,NotAv
14,Red Spruce,NOR2013002PSP,25.7,19.6,195.4,NotAv,NotAv,NotAv
19,Eastern Hemlock,HEM_PENT367PGP,19.4,17,88.65,16.29,10.21,14.99
19,Eastern Hemlock,HEM_DICK300PGP,27.5,20,199.7,35.21,18.66,35.09
19,Eastern Hemlock,SR5022PSP,29.3,17.55,201.7,37.56,22.94,44.14
19,Eastern Hemlock,CE4122PSP,9.9,9.08,14.15,3.183,3.865,3.37
19,Eastern Hemlock,HEM_DEVI944PGP,44.5,22,547.9,95.92,46.34,120.4
19,Eastern Hemlock,ARGS060PGP,26.7,17.37,167.1,31.07,19.15,34.66
19,Eastern Hemlock,HEM_DICK611PGP,3.6,3.6,0.9108,0.2754,0.8871,0.3541
19,Eastern Hemlock,HEM_DICK604PGP,4.9,8,3.273,0.7402,1.015,0.5524
19,Eastern Hemlock,HEM_LAWR224PGP,23,16,116.8,22.22,14.92,24.24
19,Eastern Hemlock,HEM_DICK300PGP,12.3,10,23.36,5.129,5.639,5.731
19,Eastern Hemlock,ARGS244PGP,36.1,17.98,307.9,57.54,34.4,75.96
19,Eastern Hemlock,HEM_DICK598PGP,35,17,276.5,52.7,33.44,71.83
19,Eastern Hemlock,HEM_DICK615PGP,15.7,9,34.17,7.932,9.821,11.51
19,Eastern Hemlock,ARGS059PGP,35,16.46,268.9,51.91,34.11,72.92
19,Eastern Hemlock,HEM_CLYD477PGP,3.8,6,1.566,0.3899,0.725,0.3218
19,Eastern Hemlock,SR5022PSP,6.9,6.32,5.172,1.309,2.331,1.531
19,Eastern Hemlock,HEM_DICK300PGP,27,17,167.7,31.45,19.85,36.06
19,Eastern Hemlock,HEM_DICK300PGP,16.1,13.5,50.78,10.09,8.073,10.18
19,Eastern Hemlock,ARGS021PGP,3,2.89,0.5308,0.1728,0.7027,0.2419
19,Eastern Hemlock,HEM_DICK178PGP,19.5,14,75.8,15.03,11.61,16.64
19,Eastern Hemlock,HEM_NIGH103PGP,12,7.5,17.41,4.266,6.391,6.142
19,Eastern Hemlock,HEM_CLYD477PGP,4.2,4,1.342,0.3933,1.134,0.5075
19,Eastern Hemlock,HEM_BISHA03PGP,21.2,13,83.57,17.14,14.37,21.51
19,Eastern Hemlock,HEM_PENT367PGP,5,8,3.403,0.7705,1.057,0.5829
20,Balsam Fir,FCABI200315PGP,27.3,20.3,171.5,30.64,17.79,25.6
20,Balsam Fir,FCBOW56-031-0PGP,40.6,18.5,328.1,66.45,53.76,116.3
20,Balsam Fir,FCBOW56-020-0PGP,30.4,19.25,199.6,37.18,24.78,40.0
20,Balsam Fir,FCTEM2002099PGP,21.4,14.4,81.55,15.08,14.16,17.02
20,Balsam Fir,COC1994001PSP,8.2,7,7.516,1.336,2.829,1.501
20,Balsam Fir,CE1027PSP,3,2.9,0.5543,0.09782,0.6021,0.1385
20,Balsam Fir,FCACI200208PGP,19.4,16.6,77.01,13.35,9.421,10.03
20,Balsam Fir,FCTEM2003027PGP,25.7,19.9,150.9,26.7,15.62,21.25
20,Balsam Fir,KAP1992001PSP,17,12.91,48.63,8.749,8.954,8.746
20,Balsam Fir,FCWEY4S2001001PGP,13.6,9.36,24.45,4.551,7.317,6.072
20,Balsam Fir,CE0068PSP,4.7,4.67,1.907,0.3299,1.095,0.3602
20,Balsam Fir,FCTEM2002067PGP,6.2,5.24,3.503,0.6291,1.934,0.8197
20,Balsam Fir,BP1993031PSP,11.3,8.95,16.74,3.011,4.822,3.359
20,Balsam Fir,TIM1999003PSP,6.3,5.51,3.767,0.6698,1.904,0.8122
20,Balsam Fir,CHA1995027PSP,8.6,8.25,9.454,1.624,2.653,1.432
20,Balsam Fir,FCNEE_KC2002189PGP,27.6,19.8,171.3,30.89,18.81,27.47
20,Balsam Fir,FCDOM200318PGP,3.8,4.16,1.168,0.1978,0.729,0.1985
20,Balsam Fir,FCWEY4S2001085PGP,3.5,5.1,1.198,0.1877,0.4713,0.1141
20,Balsam Fir,CE3014PSP,10.9,8.38,14.81,2.688,4.74,3.225
20,Balsam Fir,CE4024PSP,25.2,20.37,148.5,25.97,14.48,19.24
20,Balsam Fir,BP1993040PSP,15.1,14.19,42.45,7.219,5.971,5.102
20,Balsam Fir,FCWEY4S2001086PGP,28.7,16.8,159.7,30.45,24.97,39.02
20,Balsam Fir,COC1994025PSP,26,20.5,158.2,27.83,15.56,21.29
20,Balsam Fir,1314921PIP,11.3,11,20.01,3.397,3.825,2.569
22,Eastern White Cedar,1246236PIP,6.3,5.4,34.02,34.02,34.02,34.02
22,Eastern White Cedar,1246196PIP,7.9,5.9,46.61,46.61,46.61,46.61
22,Eastern White Cedar,FCTEM2004061PGP,6.4,6.1,39.04,39.04,39.04,39.04
22,Eastern White Cedar,FCWEY_KEN2005001PGP,33.3,12.68,422.2,422.2,422.2,422.2
22,Eastern White Cedar,CE3030PSP,37.9,16.2,614.0,614.0,614.0,614.0
22,Eastern White Cedar,1184326PIP,8.3,5,41.5,41.5,41.5,41.5
22,Eastern White Cedar,CE4124PSP,21.1,12.8,270.1,270.1,270.1,270.1
22,Eastern White Cedar,LWP1994013PSP,26.5,10,265.0,265.0,265.0,265.0
22,Eastern White Cedar,CHT2002039PGP,7.4,4.62,34.19,34.19,34.19,34.19
22,Eastern White Cedar,CHT2002032PGP,10.4,8.1,84.24,84.24,84.24,84.24
22,Eastern White Cedar,SR5208PSP,4.2,4.9,20.58,20.58,20.58,20.58
22,Eastern White Cedar,SR2230PSP,26.1,16.1,420.2,420.2,420.2,420.2
22,Eastern White Cedar,WWA1999009PSP,21.2,9.97,211.4,211.4,211.4,211.4
22,Eastern White Cedar,CE1035PSP,21.8,14.8,322.6,322.6,322.6,322.6
22,Eastern White Cedar,SR5414PSP,9.2,7.95,73.14,73.14,73.14,73.14
22,Eastern White Cedar,CE1002PSP,30.9,17.84,551.3,551.3,551.3,551.3
22,Eastern White Cedar,HEA1994001PSP,13.2,7.54,99.53,99.53,99.53,99.53
22,Eastern White Cedar,WWA1999008PSP,11.2,7.66,85.79,85.79,85.79,85.79
22,Eastern White Cedar,TIM1999003PSP,43.6,18.4,802.2,802.2,802.2,802.2
22,Eastern White Cedar,FCTEM2003046PGP,27,13.3,359.1,359.1,359.1,359.1
22,Eastern White Cedar,FCBOW78-1385-1PGP,10,6.14,61.4,61.4,61.4,61.4
22,Eastern White Cedar,FECGY610PGP,5.7,6.14,35.0,35.0,35.0,35.0
22,Eastern White Cedar,FCDOM200444PGP,39.9,17.11,682.7,682.7,682.7,682.7
22,Eastern White Cedar,SR5208PSP,16.2,10.44,169.1,169.1,169.1,169.1
25,American Larch,TIM2015001PSP,27.9,21.1,588.7,588.7,588.7,588.7
25,American Larch,FCBOW56-027-0PGP,2.6,4.72,12.27,12.27,12.27,12.27
25,American Larch,1239161PIP,11.6,13.5,156.6,156.6,156.6,156.6
25,American Larch,1184171PIP,16,10.3,164.8,164.8,164.8,164.8
25,American Larch,FCTEM2002006PGP,6.5,13.5,87.75,87.75,87.75,87.75
25,American Larch,FCTEM2002103PGP,24.3,16.9,410.7,410.7,410.7,410.7
25,American Larch,FCBOW12-2003-011PGP,2.8,4.16,11.65,11.65,11.65,11.65
25,American Larch,1184296PIP,14.2,12.2,173.2,173.2,173.2,173.2
25,American Larch,FCBOW4-185-1PGP,33.5,17,569.5,569.5,569.5,569.5
25,American Larch,BP1993016PSP,21.9,18.55,406.2,406.2,406.2,406.2
25,American Larch,FOR2011001PSP,25.2,19.6,493.9,493.9,493.9,493.9
25,American Larch,KAP2005002PGP,8.7,8.5,73.95,73.95,73.95,73.95
25,American Larch,MCR2005003PSP,4.8,5.29,25.39,25.39,25.39,25.39
25,American Larch,COC1994003PSP,13.2,9.5,125.4,125.4,125.4,125.4
25,American Larch,COC1994013PSP,28.5,19.2,547.2,547.2,547.2,547.2
25,American Larch,FCTEM2004002PGP,23.4,20.3,475.0,475.0,475.0,475.0
25,American Larch,HEA1992004PSP,17.1,14.93,255.3,255.3,255.3,255.3
25,American Larch,1197991PIP,27.7,20.2,559.5,559.5,559.5,559.5
25,American Larch,KEN2012001PGP,26.9,22.6,607.9,607.9,607.9,607.9
25,American Larch,MAN1994009PSP,5.5,7.5,41.25,41.25,41.25,41.25
25,American Larch,LSJP1993013PSP,37.3,24.96,931.0,931.0,931.0,931.0
25,American Larch,1294281PIP,2.8,3.5,9.8,9.8,9.8,9.8
25,American Larch,TIM2015001PSP,25.9,22.7,587.9,587.9,587.9,587.9
25,American Larch,1129266PIP,3.7,3.4,12.58,12.58,12.58,12.58
30,Sugar Maple,CE1036PSP,21.5,19,408.5,408.5,408.5,408.5
30,Sugar Maple,CE0012PSP,2.7,5.18,13.99,13.99,13.99,13.99
30,Sugar Maple,ARGS061PGP,43.9,23.47,1030.0,1030.0,1030.0,1030.0
30,Sugar Maple,CE4118PSP,10.3,12.4,127.7,127.7,127.7,127.7
30,Sugar Maple,SR0020PSP,2.6,5.86,15.24,15.24,15.24,15.24
30,Sugar Maple,LD1501PGP,6.6,6.6,43.56,43.56,43.56,43.56
30,Sugar Maple,SR2220PSP,3,5.95,17.85,17.85,17.85,17.85
30,Sugar Maple,HEM_MCLA192PGP,14.2,17,241.4,241.4,241.4,241.4
30,Sugar Maple,ARGS254PGP,10.9,12.5,136.2,136.2,136.2,136.2
30,Sugar Maple,SR2222PSP,16.8,15.91,267.3,267.3,267.3,267.3
30,Sugar Maple,CE7004PSP,2.7,4.97,13.42,13.42,13.42,13.42
30,Sugar Maple,CE0015PSP,2.5,3.66,9.15,9.15,9.15,9.15
30,Sugar Maple,ARGS177PGP,61.7,21.95,1354.0,1354.0,1354.0,1354.0
30,Sugar Maple,CE0034PSP,26.3,22.74,598.1,598.1,598.1,598.1
30,Sugar Maple,HEM_PENT073PGP,11.5,15,172.5,172.5,172.5,172.5
30,Sugar Maple,SR5210PSP,16.5,21.5,354.8,354.8,354.8,354.8
30,Sugar Maple,SR5209PSP,26.3,25.4,668.0,668.0,668.0,668.0
30,Sugar Maple,CE0009PSP,7.5,10.25,76.88,76.88,76.88,76.88
30,Sugar Maple,SR3005PSP,6.5,10.2,66.3,66.3,66.3,66.3
30,Sugar Maple,SR5401PSP,25.3,18.5,468.1,468.1,468.1,468.1
30,Sugar Maple,SR2222PSP,26.1,20.9,545.5,545.5,545.5,545.5
30,Sugar Maple,SR3010PSP,53.3,27.4,1460.0,1460.0,1460.0,1460.0
30,Sugar Maple,CE3017PSP,42.6,23,979.8,979.8,979.8,979.8
30,Sugar Maple,ARGS251PGP,11.7,13.41,156.9,156.9,156.9,156.9
32,Red Maple,CE0026PSP,25,24.7,242.3,NotAv,NotAv,NotAv
32,Red Maple,1232631PIP,16.6,12.57,63.55,NotAv,NotAv,NotAv
32,Red Maple,KLK1994037PSP,5.8,8.05,5.361,NotAv,NotAv,NotAv
32,Red Maple,ARGS064PGP,20.6,19.8,138.5,NotAv,NotAv,NotAv
32,Red Maple,CE3026PSP,9.6,13.3,21.76,NotAv,NotAv,NotAv
32,Red Maple,FCACI_FF200401PGP,5.8,5.84,4.216,NotAv,NotAv,NotAv
32,Red Maple,CE7012PSP,30.3,26.54,378.1,NotAv,NotAv,NotAv
32,Red Maple,FECGY920PGP,35.1,19.9,411.1,NotAv,NotAv,NotAv
32,Red Maple,1253146PIP,3.2,4.7,1.069,NotAv,NotAv,NotAv
32,Red Maple,SR1021PSP,28.5,18.9,258.9,NotAv,NotAv,NotAv
32,Red Maple,CE0060PSP,46.2,20.21,727.3,NotAv,NotAv,NotAv
32,Red Maple,SR1216PSP,27.1,21.7,259.2,NotAv,NotAv,NotAv
32,Red Maple,FCDOM200347PGP,13.6,14.63,47.46,NotAv,NotAv,NotAv
32,Red Maple,CHA1999004PSP,17.4,16.68,86.43,NotAv,NotAv,NotAv
32,Red Maple,SR0402PSP,32.2,26.5,427.5,NotAv,NotAv,NotAv
32,Red Maple,SR0208PSP,10.5,14.5,27.85,NotAv,NotAv,NotAv
32,Red Maple,SR1022PSP,17.6,17.9,93.26,NotAv,NotAv,NotAv
32,Red Maple,CE2001PSP,7.6,9,10.1,NotAv,NotAv,NotAv
32,Red Maple,SR2231PSP,44.1,24.5,764.2,NotAv,NotAv,NotAv
32,Red Maple,CE3009PSP,3.6,6.96,1.822,NotAv,NotAv,NotAv
32,Red Maple,TBP1992024PSP,3.4,6.46,1.534,NotAv,NotAv,NotAv
32,Red Maple,CE1024PSP,14.1,13.65,48.5,NotAv,NotAv,NotAv
32,Red Maple,CE3035PSP,4.7,6.5,2.978,NotAv,NotAv,NotAv
32,Red Maple,1321801PIP,15.4,12.3,53.67,NotAv,NotAv,NotAv
33,Silver Maple,SR0201PSP,4.2,8.22,3.306,0.4849,1.427,0.3572
33,Silver Maple,SR0204PSP,21.4,21,152.1,15.15,5.783,33.24
33,Silver Maple,SR2231PSP,26.7,20.3,213.9,22.3,9.925,80.32
33,Silver Maple,SR0008PSP,19.2,16.8,98.61,11.11,7.465,32.04
33,Silver Maple,SR0204PSP,3.7,5.71,1.777,0.3206,2.408,0.4059
33,Silver Maple,SR5014PSP,16.3,17.3,76.96,8.364,4.959,16.56
33,Silver Maple,SR0201PSP,13.4,13.91,43.2,5.244,5.266,11.42
33,Silver Maple,SR0201PSP,5,8.24,4.469,0.6674,2.05,0.6823
33,Silver Maple,SR0204PSP,12.7,14.8,42.22,4.905,4.11,8.436
33,Silver Maple,SR0204PSP,11.6,11.83,28.2,3.716,5.52,8.704
33,Silver Maple,SR5014PSP,34.3,22.8,373.7,37.34,13.08,169.0
33,Silver Maple,SR5417PSP,20.5,21.6,145.8,14.2,4.968,27.03
33,Silver Maple,SR5406PSP,45.5,24,641.7,64.16,21.25,446.0
33,Silver Maple,SR0201PSP,10.4,12.7,25.3,3.155,3.759,5.149
33,Silver Maple,SR0213PSP,31.8,25,363.5,34.06,9.134,109.4
33,Silver Maple,SR5014PSP,41.7,21.8,496.8,52.15,21.78,377.4
33,Silver Maple,SR0201PSP,4.3,7.84,3.266,0.4944,1.662,0.4217
33,Silver Maple,SR0016PSP,7.6,12.1,14.02,1.737,2.154,1.729
33,Silver Maple,SR0201PSP,3,6.28,1.379,0.2293,1.258,0.1585
33,Silver Maple,SR2231PSP,8.9,12.4,18.87,2.346,2.85,2.994
33,Silver Maple,SR5406PSP,29.4,27.5,353.3,30.96,6.294,69.76
33,Silver Maple,SR0213PSP,58,30.5,1269.0,112.7,21.07,743.6
33,Silver Maple,SR0201PSP,2.5,5.28,0.8325,0.1507,1.248,0.1068
33,Silver Maple,SR5014PSP,55.1,23.1,853.8,89.26,34.56,971.0
37,Yellow Birch,LD1201PGP,3.2,4.8,1.089,0.1808,NotAv,NotAv
37,Yellow Birch,ARGS127PGP,8.2,8.2,11.0,1.712,NotAv,NotAv
37,Yellow Birch,LD1905PGP,7.5,9.7,10.92,1.556,NotAv,NotAv
37,Yellow Birch,ARGS242PGP,23.4,12.8,124.9,19.33,NotAv,NotAv
37,Yellow Birch,FCABI200547PGP,17,11.42,60.83,9.342,NotAv,NotAv
37,Yellow Birch,BY_MCPGP,8.6,14.3,20.67,2.549,NotAv,NotAv
37,Yellow Birch,FCDOM200231PGP,40.9,20.43,569.6,79.52,NotAv,NotAv
37,Yellow Birch,CE0003PSP,8.9,9.34,14.59,2.178,NotAv,NotAv
37,Yellow Birch,CE4121PSP,44.5,21.2,693.4,96.7,NotAv,NotAv
37,Yellow Birch,CE1035PSP,10.6,14.09,30.34,3.909,NotAv,NotAv
37,Yellow Birch,CE4121PSP,44.1,26.8,855.9,107.6,NotAv,NotAv
37,Yellow Birch,BY_TCPGP,12,14.3,38.99,5.102,NotAv,NotAv
37,Yellow Birch,WWA1999008PSP,52.9,17.9,817.7,126.6,NotAv,NotAv
37,Yellow Birch,CE0060PSP,49.5,21.19,848.9,120.7,NotAv,NotAv
37,Yellow Birch,ARGS226PGP,17,16.46,86.76,11.37,NotAv,NotAv
37,Yellow Birch,CE3015PSP,18.7,15.3,96.9,13.33,NotAv,NotAv
37,Yellow Birch,HEM_MCLA147PGP,49.5,16,646.1,103.8,NotAv,NotAv
37,Yellow Birch,CE0016PSP,8,9.02,11.51,1.712,NotAv,NotAv
37,Yellow Birch,CE4121PSP,10.7,11.03,24.35,3.495,NotAv,NotAv
37,Yellow Birch,BY_T2PGP,15.9,13.5,63.0,8.891,NotAv,NotAv
37,Yellow Birch,HEM_BRUT051PGP,36.8,19,434.1,61.37,NotAv,NotAv
37,Yellow Birch,CE0033PSP,4.6,9.91,4.397,0.5684,NotAv,NotAv
37,Yellow Birch,1280636PIP,2.7,4.9,0.8041,0.1283,NotAv,NotAv
37,Yellow Birch,NBBY012PGP,35.1,21.8,453.4,59.87,NotAv,NotAv
38,Paper Birch,FCWEY_KEN2003027PGP,6.3,4.59,28.92,28.92,28.92,28.92
38,Paper Birch,FCTEM2002041PGP,28,20.43,572.0,572.0,572.0,572.0
38,Paper Birch,CE0022PSP,29.5,19.1,563.5,563.5,563.5,563.5
38,Paper Birch,LWP1995051PSP,8.4,12.16,102.1,102.1,102.1,102.1
38,Paper Birch,BP1994009PSP,21.2,19.6,415.5,415.5,415.5,415.5
38,Paper Birch,BP1994005PSP,12,12.21,146.5,146.5,146.5,146.5
38,Paper Birch,1259801PIP,2.6,5.8,15.08,15.08,15.08,15.08
38,Paper Birch,FCDOM200139PGP,11.7,11.51,134.7,134.7,134.7,134.7
38,Paper Birch,FCNEE_KC2000145PGP,15.1,13.31,201.0,201.0,201.0,201.0
38,Paper Birch,CE4134PSP,34.8,21.04,732.2,732.2,732.2,732.2
38,Paper Birch,FCTEM2003049PGP,27.7,26.51,734.3,734.3,734.3,734.3
38,Paper Birch,CE1011PSP,2.7,4.49,12.12,12.12,12.12,12.12
38,Paper Birch,GCF1994006PGP,29.9,18.3,547.2,547.2,547.2,547.2
38,Paper Birch,FCACI_TB200004PGP,2.9,4.53,13.14,13.14,13.14,13.14
38,Paper Birch,NBBW101PGP,30.5,18.5,564.2,564.2,564.2,564.2
38,Paper Birch,FCTEM2003046PGP,11.6,12.1,140.4,140.4,140.4,140.4
38,Paper Birch,TIM2011005PGP,25.6,19.3,494.1,494.1,494.1,494.1
38,Paper Birch,FCTEM2003057PGP,31.2,22.4,698.9,698.9,698.9,698.9
38,Paper Birch,FCBOW4-2002-14PGP,9.5,10.7,101.6,101.6,101.6,101.6
38,Paper Birch,FCACI_FF200003PGP,12.5,9.1,113.8,113.8,113.8,113.8
38,Paper Birch,FCPB2007063PGP,13,9,117.0,117.0,117.0,117.0
38,Paper Birch,FCBOW78-2003-005PGP,13.5,11.3,152.6,152.6,152.6,152.6
38,Paper Birch,1280446PIP,8.9,9.2,81.88,81.88,81.88,81.88
38,Paper Birch,FCBOW3-2002-38PGP,2.5,5.6,14.0,14.0,14.0,14.0
39,Shumard's Oak,SR0201PSP,35.2,20.8,732.2,732.2,732.2,732.2
39,Shumard's Oak,SR0201PSP,52.9,32,1693.0,1693.0,1693.0,1693.0
39,Shumard's Oak,SR0201PSP,32.5,23.4,760.5,760.5,760.5,760.5
39,Shumard's Oak,SR0204PSP,34.4,19,653.6,653.6,653.6,653.6
39,Shumard's Oak,SR0204PSP,36.2,22.5,814.5,814.5,814.5,814.5
39,Shumard's Oak,FECGY864PGP,5.5,8.27,45.48,45.48,45.48,45.48
39,Shumard's Oak,SR0201PSP,55.9,31.2,1744.0,1744.0,1744.0,1744.0
39,Shumard's Oak,SR0204PSP,28.1,22.3,626.6,626.6,626.6,626.6
39,Shumard's Oak,SR0201PSP,53.8,30.2,1625.0,1625.0,1625.0,1625.0
40,White Oak,SR1022PSP,21.6,19.8,168.5,18.85,8.008,69.6
40,White Oak,SR1018PSP,13.1,13.8,50.08,6.932,2.802,15.34
40,White Oak,SR5004PSP,49.8,21.3,740.3,83.29,25.39,415.3
40,White Oak,SR0016PSP,7.1,7.01,8.892,1.874,0.5934,1.734
40,White Oak,SR0019PSP,17.1,17.6,100.7,12.03,5.194,36.87
40,White Oak,SR0406PSP,35.9,25.8,520.2,50.27,20.73,280.5
40,White Oak,SR0016PSP,3.6,4.92,1.97,0.5051,0.1664,0.269
40,White Oak,SR0016PSP,7.5,7.9,11.03,2.151,0.7289,2.288
40,White Oak,SR1024PSP,20.5,21.3,166.4,17.65,8.135,69.35
40,White Oak,SR5004PSP,3,5.4,1.596,0.3794,0.1463,0.2121
40,White Oak,SR0019PSP,18,16.8,104.7,12.94,5.263,38.31
40,White Oak,SR1216PSP,26.3,22.5,267.7,27.82,11.91,123.7
40,White Oak,SR1216PSP,35,23.9,460.6,46.82,18.4,239.5
40,White Oak,SR1206PSP,38.6,24.5,557.2,56.04,21.46,302.1
40,White Oak,SR1216PSP,21.4,18.1,151.2,17.98,7.148,60.26
40,White Oak,SR0401PSP,27.5,26.9,346.9,32.01,15.44,173.7
40,White Oak,SR1023PSP,33.3,24.7,438.3,43.41,17.92,226.8
40,White Oak,SR0019PSP,17.9,16.8,103.7,12.82,5.225,37.89
40,White Oak,SR4008PSP,20.5,18.8,146.3,16.9,7.062,58.26
40,White Oak,1273871PIP,7,9.1,11.36,2.003,0.783,2.425
40,White Oak,SR1216PSP,33.5,21.5,383.7,41.79,15.43,189.2
41,Northern Red Oak,SR4408PSP,23,15.1,347.3,347.3,347.3,347.3
41,Northern Red Oak,SR3009PSP,9.6,13,124.8,124.8,124.8,124.8
41,Northern Red Oak,SR0404PSP,40.2,28.5,1146.0,1146.0,1146.0,1146.0
41,Northern Red Oak,FCDOM200244PGP,21.5,19.9,427.8,427.8,427.8,427.8
41,Northern Red Oak,SR1017PSP,12.4,13.2,163.7,163.7,163.7,163.7
41,Northern Red Oak,SR4421PSP,11.7,13.1,153.3,153.3,153.3,153.3
41,Northern Red Oak,CE5007PSP,9.4,11.9,111.9,111.9,111.9,111.9
41,Northern Red Oak,NBOR021PGP,34,26.3,894.2,894.2,894.2,894.2
41,Northern Red Oak,CE2013PSP,3.3,5.25,17.32,17.32,17.32,17.32
41,Northern Red Oak,SR1001PSP,65.4,30.7,2008.0,2008.0,2008.0,2008.0
41,Northern Red Oak,SR4206PSP,20.9,18,376.2,376.2,376.2,376.2
41,Northern Red Oak,1280666PIP,3.3,5.7,18.81,18.81,18.81,18.81
41,Northern Red Oak,SR4218PSP,16.1,17,273.7,273.7,273.7,273.7
41,Northern Red Oak,CE6102PSP,36.8,26.6,978.9,978.9,978.9,978.9
41,Northern Red Oak,CE7011PSP,3,5.43,16.29,16.29,16.29,16.29
41,Northern Red Oak,CE3023PSP,24.6,19.05,468.6,468.6,468.6,468.6
41,Northern Red Oak,SR1018PSP,25.1,21.5,539.6,539.6,539.6,539.6
41,Northern Red Oak,SR4404PSP,56.1,30.2,1694.0,1694.0,1694.0,1694.0
41,Northern Red Oak,FCDOM200266PGP,26.6,19.8,526.7,526.7,526.7,526.7
41,Northern Red Oak,CE6101PSP,22,13.48,296.6,296.6,296.6,296.6
41,Northern Red Oak,CE3003PSP,5.1,7.9,40.29,40.29,40.29,40.29
41,Northern Red Oak,SR2011PSP,31.8,20.9,664.6,664.6,664.6,664.6
41,Northern Red Oak,CE1030PSP,4.4,5.41,23.8,23.8,23.8,23.8
41,Northern Red Oak,CE1015PSP,3.5,5.2,18.2,18.2,18.2,18.2
42,Bur Oak,SR0204PSP,9.5,12.4,117.8,117.8,117.8,117.8
42,Bur Oak,CE3029PSP,4.2,3.8,15.96,15.96,15.96,15.96
42,Bur Oak,SR5417PSP,52.4,21.8,1142.0,1142.0,1142.0,1142.0
42,Bur Oak,SR0204PSP,9.4,12.2,114.7,114.7,114.7,114.7
42,Bur Oak,SR0201PSP,38,24.3,923.4,923.4,923.4,923.4
42,Bur Oak,1328611PIP,13.3,6.2,82.46,82.46,82.46,82.46
42,Bur Oak,SR0216PSP,43.6,23,1003.0,1003.0,1003.0,1003.0
42,Bur Oak,SR0201PSP,26.5,15.6,413.4,413.4,413.4,413.4
42,Bur Oak,SR5021PSP,3.8,4.48,17.02,17.02,17.02,17.02
42,Bur Oak,SR0201PSP,30.4,19.9,605.0,605.0,605.0,605.0
42,Bur Oak,SR0216PSP,44.8,26.1,1169.0,1169.0,1169.0,1169.0
42,Bur Oak,SR1401PSP,3.4,6.4,21.76,21.76,21.76,21.76
42,Bur Oak,SR1401PSP,3.7,6.1,22.57,22.57,22.57,22.57
42,Bur Oak,CE4112PSP,6.1,6.4,39.04,39.04,39.04,39.04
42,Bur Oak,SR5417PSP,51.2,20.9,1070.0,1070.0,1070.0,1070.0
42,Bur Oak,1328611PIP,19.1,11,210.1,210.1,210.1,210.1
42,Bur Oak,CE4112PSP,3.9,4.38,17.08,17.08,17.08,17.08
42,Bur Oak,SR0216PSP,44.5,25.7,1144.0,1144.0,1144.0,1144.0
44,American Beech,CE7010PSP,14.4,16.45,236.9,236.9,236.9,236.9
44,American Beech,SR4001PSP,37.2,26.5,985.8,985.8,985.8,985.8
44,American Beech,HEM_LAWR486PGP,12.9,10.7,138.0,138.0,138.0,138.0
44,American Beech,SR0012PSP,10.5,10.9,114.5,114.5,114.5,114.5
44,American Beech,SR2206PSP,4.9,7.32,35.87,35.87,35.87,35.87
44,American Beech,SR0013PSP,16,16.2,259.2,259.2,259.2,259.2
44,American Beech,SR1001PSP,7.8,14.6,113.9,113.9,113.9,113.9
44,American Beech,SR1005PSP,12.4,12.7,157.5,157.5,157.5,157.5
44,American Beech,SR1001PSP,4.8,6.07,29.14,29.14,29.14,29.14
44,American Beech,ARGS111PGP,26.4,24.38,643.6,643.6,643.6,643.6
44,American Beech,SR1008PSP,6.1,9.6,58.56,58.56,58.56,58.56
44,American Beech,LD1203PGP,28.3,20.7,585.8,585.8,585.8,585.8
44,American Beech,SR2236PSP,4,6.5,26.0,26.0,26.0,26.0
44,American Beech,ARGS085PGP,15.5,15.54,240.9,240.9,240.9,240.9
44,American Beech,SR5013PSP,5.4,7.9,42.66,42.66,42.66,42.66
44,American Beech,SR0215PSP,38.8,25.5,989.4,989.4,989.4,989.4
44,American Beech,SR1205PSP,35.6,27.5,979.0,979.0,979.0,979.0
44,American Beech,CE3003PSP,8.8,8.9,78.32,78.32,78.32,78.32
44,American Beech,HEM_CLYD431PGP,6.7,5.9,39.53,39.53,39.53,39.53
44,American Beech,SR5013PSP,32.6,21.8,710.7,710.7,710.7,710.7
44,American Beech,SR5203PSP,30.9,23.4,723.1,723.1,723.1,723.1
44,American Beech,SR1206PSP,20.9,18.3,382.5,382.5,382.5,382.5
44,American Beech,SR5203PSP,23.3,20.5,477.7,477.7,477.7,477.7
44,American Beech,SR1021PSP,35.1,22.7,796.8,796.8,796.8,796.8
45,Black Ash,1280546PIP,17.7,15.9,79.51,12.48,2.709,13.15
45,Black Ash,SR0001PSP,25.7,15.5,176.9,29.45,3.894,29.83
45,Black Ash,LD1506PGP,4.4,6.5,2.277,0.8877,0.2943,0.996
45,Black Ash,FCACI_FF200501PGP,16,14.8,61.2,10.34,2.292,10.94
45,Black Ash,CE3030PSP,31.3,20.9,323.0,38.84,6.199,39.57
45,Black Ash,THU2010001PGP,21.2,15.69,117.0,18.92,3.226,19.56
45,Black Ash,FCBOW56-2005-12PGP,37.6,15.99,413.3,68.47,5.927,66.92
45,Black Ash,1287331PIP,7.7,8.8,9.196,2.653,0.6837,2.888
45,Black Ash,FCABI200605PGP,39.4,22.19,552.5,63.21,8.284,63.25
45,Black Ash,CE3028PSP,9.4,11.8,16.82,3.529,1.086,3.862
45,Black Ash,SR5021PSP,3.9,7.45,1.892,0.6253,0.2928,0.7185
45,Black Ash,FCBOW56-2005-11PGP,24.6,14.51,154.8,27.69,3.513,28.01
45,Black Ash,TIM2004009PGP,28.4,19.4,250.3,32.51,5.253,33.24
45,Black Ash,SR0217PSP,4.1,5.9,1.846,0.7993,0.2514,0.8956
45,Black Ash,TIM1999003PSP,40,20.94,552.4,67.59,7.998,67.2
45,Black Ash,FCDOM200510PGP,10.7,9.67,19.91,5.296,1.043,5.624
45,Black Ash,KLK2010001PGP,55.1,26.3,1267.0,122.6,13.59,120.4
45,Black Ash,SR5014PSP,3,5,0.8487,0.4329,0.1576,0.4935
45,Black Ash,CE3028PSP,31.1,26.7,366.5,33.32,7.629,34.69
45,Black Ash,FOR2010004PSP,9.7,9.97,16.36,4.169,0.9679,4.482
45,Black Ash,SR5021PSP,3.3,7.65,1.334,0.422,0.2522,0.4943
45,Black Ash,SR5414PSP,17.6,14.7,75.07,12.88,2.515,13.49
45,Black Ash,FCBUC_LH200704PGP,16.4,9.5,50.08,14.06,1.596,14.29
45,Black Ash,CHA1999005PSP,20.1,19.6,118.3,14.78,3.709,15.66
46,White Ash,SR1004PSP,33.7,27.1,523.9,55.63,10.43,NotAv
46,White Ash,SR2013PSP,27.1,27,356.6,38.75,8.271,NotAv
46,White Ash,SR1022PSP,6.1,10.5,8.606,1.58,0.8233,NotAv
46,White Ash,SR0003PSP,8.9,14.22,23.86,3.738,1.553,NotAv
46,White Ash,SR2205PSP,7.5,10.6,12.48,2.237,1.031,NotAv
46,White Ash,SR5007PSP,2.9,4.8,0.9272,0.2506,0.2041,NotAv
46,White Ash,CE7005PSP,15.2,15.4,66.71,9.606,2.901,NotAv
46,White Ash,SR4406PSP,11.3,13.8,34.91,5.408,1.95,NotAv
46,White Ash,SR1201PSP,36.8,26.9,605.4,63.92,11.37,NotAv
46,White Ash,SR1202PSP,3.7,8.2,2.682,0.5711,0.4011,NotAv
46,White Ash,CE7007PSP,9.5,10.35,18.32,3.239,1.297,NotAv
46,White Ash,SR4002PSP,23.6,19,184.5,23.39,5.431,NotAv
46,White Ash,SR5207PSP,14.1,20.5,82.25,10.64,3.355,NotAv
46,White Ash,SR1201PSP,25.6,21.4,244.9,29.37,6.493,NotAv
46,White Ash,SR5404PSP,27.2,21.8,278.3,32.93,7.022,NotAv
46,White Ash,SR1213PSP,4.9,7.1,3.687,0.8092,0.4813,NotAv
46,White Ash,SR5401PSP,13.1,16.5,55.88,7.942,2.619,NotAv
46,White Ash,SR1024PSP,4.5,6.4,2.809,0.6481,0.4057,NotAv
46,White Ash,SR1219PSP,26.7,25,317.1,35.58,7.666,NotAv
46,White Ash,SR5008PSP,22.2,22,197.4,23.74,5.713,NotAv
46,White Ash,SR0022PSP,30,29.8,478.9,49.51,9.943,NotAv
46,White Ash,SR0001PSP,38.3,29.1,712.7,72.63,12.62,NotAv
46,White Ash,SR5002PSP,14.9,18.8,81.69,10.88,3.322,NotAv
46,White Ash,SR4219PSP,16.8,22.8,126.7,15.44,4.383,NotAv
47,Green Ash,SR5020PSP,10.3,14.3,147.3,147.3,147.3,147.3
47,Green Ash,SR0217PSP,26.1,20.3,529.8,529.8,529.8,529.8
47,Green Ash,SR0210PSP,3.6,7.8,28.08,28.08,28.08,28.08
47,Green Ash,SR5414PSP,16.3,13.2,215.2,215.2,215.2,215.2
47,Green Ash,SR0211PSP,10.9,12.3,134.1,134.1,134.1,134.1
47,Green Ash,SR5020PSP,5.9,10.9,64.31,64.31,64.31,64.31
47,Green Ash,SR0204PSP,5.3,9.18,48.65,48.65,48.65,48.65
47,Green Ash,SR0407PSP,11.2,20.4,228.5,228.5,228.5,228.5
47,Green Ash,SR2231PSP,32.4,24.1,780.8,780.8,780.8,780.8
47,Green Ash,SR4426PSP,2.5,5.32,13.3,13.3,13.3,13.3
47,Green Ash,SR0201PSP,12.5,14.23,177.9,177.9,177.9,177.9
47,Green Ash,SR3025PSP,3.2,6.39,20.45,20.45,20.45,20.45
47,Green Ash,SR0210PSP,3.4,6.2,21.08,21.08,21.08,21.08
47,Green Ash,SR5416PSP,42.2,20.5,865.1,865.1,865.1,865.1
47,Green Ash,SR5416PSP,34.4,27.5,946.0,946.0,946.0,946.0
47,Green Ash,SR5408PSP,16.2,19.7,319.1,319.1,319.1,319.1
47,Green Ash,SR5416PSP,28.6,24.3,695.0,695.0,695.0,695.0
47,Green Ash,SR5416PSP,46,24.2,1113.0,1113.0,1113.0,1113.0
47,Green Ash,SR5021PSP,19.3,22.3,430.4,430.4,430.4,430.4
47,Green Ash,SR5004PSP,5.7,10.2,58.14,58.14,58.14,58.14
47,Green Ash,SR0208PSP,29.3,27.4,802.8,802.8,802.8,802.8
47,Green Ash,SR5014PSP,31.2,22.7,708.2,708.2,708.2,708.2
47,Green Ash,SR5413PSP,19.7,18,354.6,354.6,354.6,354.6
47,Green Ash,SR5407PSP,4,7.75,31.0,31.0,31.0,31.0
50,American Elm,SR0205PSP,7.2,9.47,68.18,68.18,68.18,68.18
50,American Elm,SR0213PSP,6.8,9.34,63.51,63.51,63.51,63.51
50,American Elm,SR0201PSP,15.3,14.6,223.4,223.4,223.4,223.4
50,American Elm,SR0206PSP,52.7,27.8,1465.0,1465.0,1465.0,1465.0
50,American Elm,CE6205PSP,15.1,17.9,270.3,270.3,270.3,270.3
50,American Elm,SR0206PSP,51.5,26.5,1365.0,1365.0,1365.0,1365.0
50,American Elm,SR2203PSP,26.5,14.5,384.2,384.2,384.2,384.2
50,American Elm,SR4008PSP,28.8,19.2,553.0,553.0,553.0,553.0
50,American Elm,SR5021PSP,7.3,8.38,61.17,61.17,61.17,61.17
50,American Elm,SR0207PSP,25,20,500.0,500.0,500.0,500.0
50,American Elm,SR0205PSP,6.1,8.05,49.11,49.11,49.11,49.11
50,American Elm,SR0206PSP,39.9,22,877.8,877.8,877.8,877.8
50,American Elm,SR5007PSP,13.9,16,222.4,222.4,222.4,222.4
50,American Elm,SR0204PSP,42.4,25.5,1081.0,1081.0,1081.0,1081.0
50,American Elm,SR0008PSP,7.9,7.5,59.25,59.25,59.25,59.25
50,American Elm,CE3030PSP,14.5,17.6,255.2,255.2,255.2,255.2
50,American Elm,SR0016PSP,2.9,5.62,16.3,16.3,16.3,16.3
50,American Elm,SR2230PSP,5.1,6.33,32.28,32.28,32.28,32.28
50,American Elm,SR4212PSP,7.8,13,101.4,101.4,101.4,101.4
50,American Elm,SR0016PSP,11.2,13.1,146.7,146.7,146.7,146.7
50,American Elm,CE6205PSP,11.1,14.4,159.8,159.8,159.8,159.8
50,American Elm,CE3030PSP,10.4,12.5,130.0,130.0,130.0,130.0
50,American Elm,SR0214PSP,30.6,20,612.0,612.0,612.0,612.0
50,American Elm,LD0501PGP,23.2,19.3,447.8,447.8,447.8,447.8
51,American Basswood,SR2013PSP,30,25.3,759.0,759.0,759.0,759.0
51,American Basswood,SR0016PSP,5.2,8.54,44.41,44.41,44.41,44.41
51,American Basswood,SR5021PSP,23.7,22.7,538.0,538.0,538.0,538.0
51,American Basswood,LD0803PGP,15.5,15.1,234.0,234.0,234.0,234.0
51,American Basswood,CE7006PSP,11,12.4,136.4,136.4,136.4,136.4
51,American Basswood,SR4408PSP,3.4,4.7,15.98,15.98,15.98,15.98
51,American Basswood,CE4117PSP,32.5,19.86,645.4,645.4,645.4,645.4
51,American Basswood,ARGS266PGP,16.3,18.29,298.1,298.1,298.1,298.1
51,American Basswood,SR1003PSP,57.4,29.7,1705.0,1705.0,1705.0,1705.0
51,American Basswood,SR1201PSP,28.9,21,606.9,606.9,606.9,606.9
51,American Basswood,CE7000PSP,7.7,7.85,60.45,60.45,60.45,60.45
51,American Basswood,ARGS142PGP,32.3,24.99,807.2,807.2,807.2,807.2
51,American Basswood,SR4219PSP,12.1,14.6,176.7,176.7,176.7,176.7
51,American Basswood,SR4411PSP,3.1,4.44,13.76,13.76,13.76,13.76
51,American Basswood,ARGS003PGP,21.3,17.37,370.0,370.0,370.0,370.0
51,American Basswood,SR1023PSP,9.4,11.9,111.9,111.9,111.9,111.9
51,American Basswood,SR5201PSP,45.9,29.5,1354.0,1354.0,1354.0,1354.0
51,American Basswood,SR1204PSP,14.2,12.34,175.2,175.2,175.2,175.2
51,American Basswood,SR5206PSP,13.9,13.1,182.1,182.1,182.1,182.1
51,American Basswood,SR5213PSP,3.8,6.05,22.99,22.99,22.99,22.99
51,American Basswood,SR3012PSP,29.9,26.7,798.3,798.3,798.3,798.3
51,American Basswood,SR0217PSP,9.1,8.95,81.44,81.44,81.44,81.44
51,American Basswood,SR2014PSP,3.9,5.11,19.93,19.93,19.93,19.93
51,American Basswood,ARGS012PGP,39.9,27.43,1094.0,1094.0,1094.0,1094.0
54,Black Walnut,SR0206PSP,12.6,15.6,196.6,196.6,196.6,196.6
54,Black Walnut,SR0216PSP,9.7,13.9,134.8,134.8,134.8,134.8
54,Black Walnut,CE6204PSP,3.8,6.1,23.18,23.18,23.18,23.18
54,Black Walnut,SR0207PSP,28,15.5,434.0,434.0,434.0,434.0
54,Black Walnut,SR0216PSP,9.8,14.3,140.1,140.1,140.1,140.1
54,Black Walnut,SR0206PSP,23.7,20.3,481.1,481.1,481.1,481.1
54,Black Walnut,SR0206PSP,19.2,17.8,341.8,341.8,341.8,341.8
54,Black Walnut,SR0210PSP,5,8.02,40.1,40.1,40.1,40.1
54,Black Walnut,SR0207PSP,21.4,15.5,331.7,331.7,331.7,331.7
54,Black Walnut,SR0215PSP,20.1,20.2,406.0,406.0,406.0,406.0
54,Black Walnut,SR0206PSP,21.2,18.5,392.2,392.2,392.2,392.2
54,Black Walnut,SR0210PSP,5.3,8.5,45.05,45.05,45.05,45.05
55,Butternut,SR0206PSP,37.9,26.9,1020.0,1020.0,1020.0,1020.0
55,Butternut,SR4204PSP,5.5,5.74,31.57,31.57,31.57,31.57
55,Butternut,SR1001PSP,2.5,5.65,14.12,14.12,14.12,14.12
55,Butternut,SR2211PSP,22,20.5,451.0,451.0,451.0,451.0
55,Butternut,SR0205PSP,5.2,8.83,45.92,45.92,45.92,45.92
55,Butternut,SR2209PSP,24.2,17.4,421.1,421.1,421.1,421.1
55,Butternut,SR5404PSP,28.1,21.9,615.4,615.4,615.4,615.4
55,Butternut,SR5408PSP,8.8,12,105.6,105.6,105.6,105.6
55,Butternut,SR4011PSP,14.4,19.1,275.0,275.0,275.0,275.0
55,Butternut,SR3009PSP,22.2,19.7,437.3,437.3,437.3,437.3
55,Butternut,SR5408PSP,9.5,13.6,129.2,129.2,129.2,129.2
55,Butternut,SR4012PSP,11.1,8.02,89.02,89.02,89.02,89.02
55,Butternut,SR2209PSP,18.4,16,294.4,294.4,294.4,294.4
55,Butternut,SR5408PSP,32.6,22.6,736.8,736.8,736.8,736.8
55,Butternut,SR0206PSP,34.1,25,852.5,852.5,852.5,852.5
55,Butternut,SR4204PSP,4.5,5.63,25.34,25.34,25.34,25.34
55,Butternut,SR2222PSP,26.4,20.4,538.6,538.6,538.6,538.6
55,Butternut,SR2014PSP,41.9,24.7,1035.0,1035.0,1035.0,1035.0
55,Butternut,SR5408PSP,5.5,8.06,44.33,44.33,44.33,44.33
55,Butternut,SR0205PSP,10.2,12,122.4,122.4,122.4,122.4
55,Butternut,SR5408PSP,16.2,14.4,233.3,233.3,233.3,233.3
55,Butternut,SR4204PSP,2.9,3.92,11.37,11.37,11.37,11.37
55,Butternut,SR4208PSP,66.7,28.8,1921.0,1921.0,1921.0,1921.0
56,Ironwood,SR4426PSP,11,11.4,125.4,125.4,125.4,125.4
56,Ironwood,ARGS061PGP,9.4,12.8,120.3,120.3,120.3,120.3
56,Ironwood,SR1401PSP,29.6,16.5,488.4,488.4,488.4,488.4
56,Ironwood,1273811PIP,6,6.2,37.2,37.2,37.2,37.2
56,Ironwood,ARGS053PGP,28.7,20.73,595.0,595.0,595.0,595.0
56,Ironwood,CE4117PSP,9.5,10.3,97.85,97.85,97.85,97.85
56,Ironwood,SR1401PSP,32.1,20.9,670.9,670.9,670.9,670.9
56,Ironwood,CE4116PSP,25,20.5,512.5,512.5,512.5,512.5
56,Ironwood,ARGS168PGP,11.2,14.33,160.5,160.5,160.5,160.5
56,Ironwood,SR5211PSP,10.7,12,128.4,128.4,128.4,128.4
56,Ironwood,SR2232PSP,8,11.7,93.6,93.6,93.6,93.6
56,Ironwood,SR1401PSP,11.1,15.24,169.2,169.2,169.2,169.2
56,Ironwood,ARGS131PGP,27.9,22.25,620.8,620.8,620.8,620.8
56,Ironwood,SR5211PSP,38.6,18.84,727.2,727.2,727.2,727.2
56,Ironwood,SR1001PSP,6.5,10.2,66.3,66.3,66.3,66.3
56,Ironwood,SR0216PSP,6.7,10.1,67.67,67.67,67.67,67.67
56,Ironwood,CE4000PSP,4.6,5.3,24.38,24.38,24.38,24.38
56,Ironwood,ARGS075PGP,10.7,11.28,120.7,120.7,120.7,120.7
56,Ironwood,SR5415PSP,4.1,7.94,32.55,32.55,32.55,32.55
56,Ironwood,ARGS131PGP,29.2,17.07,498.4,498.4,498.4,498.4
56,Ironwood,SR3009PSP,11.5,13.4,154.1,154.1,154.1,154.1
56,Ironwood,ARGS041PGP,10.9,12.8,139.5,139.5,139.5,139.5
56,Ironwood,CE4010PSP,10.1,12.3,124.2,124.2,124.2,124.2
56,Ironwood,ARGS131PGP,27.9,16.46,459.2,459.2,459.2,459.2
58,Black Cherry,CE3015PSP,19.5,15.5,101.5,14.34,3.385,21.66
58,Black Cherry,LD1605PGP,31.1,24.4,406.3,45.83,5.226,118.3
58,Black Cherry,LD1501PGP,20,19.1,139.2,18.09,3.145,27.83
58,Black Cherry,SR4401PSP,4.1,4.9,1.59,0.4134,0.6549,0.102
58,Black Cherry,SR1003PSP,28.2,20,265.3,32.66,5.039,75.77
58,Black Cherry,SR0021PSP,6.8,6.17,5.08,1.145,1.203,0.5131
58,Black Cherry,SR1401PSP,24.8,24.4,276.4,31.94,3.771,62.74
58,Black Cherry,NBCB021PGP,16.2,12.1,53.61,8.498,2.952,10.41
58,Black Cherry,SR2207PSP,6.9,7.4,6.603,1.386,1.117,0.625
58,Black Cherry,BY_T1CTPGP,16.4,12.6,57.71,8.994,2.941,11.16
58,Black Cherry,LD0904PGP,2.8,5.2,0.8981,0.2376,0.3662,0.03691
58,Black Cherry,SR5024PSP,34.6,22.9,448.4,51.26,6.302,151.0
58,Black Cherry,SR5408PSP,11.1,13.2,31.57,5.036,1.634,3.893
58,Black Cherry,SR0015PSP,41.9,27.2,777.4,81.49,7.586,299.2
58,Black Cherry,FECGY724PGP,31.9,21,348.7,41.58,5.867,111.6
58,Black Cherry,LD2502PGP,3.4,7.9,2.157,0.4756,0.3888,0.09111
58,Black Cherry,SR4202PSP,3.2,3.85,0.7612,0.223,0.5201,0.04143
58,Black Cherry,SR5002PSP,19.6,14.3,92.2,13.43,3.558,20.5
58,Black Cherry,SR4202PSP,3,3.9,0.6937,0.2036,0.4707,0.03496
58,Black Cherry,SR4205PSP,3.6,5.76,1.574,0.3897,0.4986,0.08148
58,Black Cherry,CE4011PSP,26.8,21.15,261.7,31.7,4.546,68.94
58,Black Cherry,SR1208PSP,46.5,28,964.0,98.82,8.682,410.7
58,Black Cherry,SR5020PSP,11.6,15.3,41.26,6.187,1.611,5.001
58,Black Cherry,CE4017PSP,29.5,22.55,335.0,39.18,5.048,95.32
60,Tulip Tree,SR1210PSP,36.3,23.5,853.0,853.0,853.0,853.0
60,Tulip Tree,SR0209PSP,24.4,28.9,705.2,705.2,705.2,705.2
60,Tulip Tree,SR0205PSP,9.2,13.7,126.0,126.0,126.0,126.0
60,Tulip Tree,SR0012PSP,60.3,25.9,1562.0,1562.0,1562.0,1562.0
60,Tulip Tree,SR0209PSP,17.6,22,387.2,387.2,387.2,387.2
60,Tulip Tree,SR0212PSP,22.3,16,356.8,356.8,356.8,356.8
60,Tulip Tree,SR0209PSP,68.4,32.5,2223.0,2223.0,2223.0,2223.0
60,Tulip Tree,SR0212PSP,6.9,9.88,68.17,68.17,68.17,68.17
60,Tulip Tree,SR0209PSP,23.1,23.5,542.9,542.9,542.9,542.9
60,Tulip Tree,SR0205PSP,8.8,12.8,112.6,112.6,112.6,112.6
60,Tulip Tree,SR0209PSP,19.1,23.2,443.1,443.1,443.1,443.1
60,Tulip Tree,SR0407PSP,31.6,25.1,793.2,793.2,793.2,793.2
60,Tulip Tree,SR0205PSP,19.6,13.5,264.6,264.6,264.6,264.6
60,Tulip Tree,SR0205PSP,4.6,8.5,39.1,39.1,39.1,39.1
60,Tulip Tree,SR0209PSP,39.2,26.5,1039.0,1039.0,1039.0,1039.0
60,Tulip Tree,SR0404PSP,45.5,30.8,1401.0,1401.0,1401.0,1401.0
60,Tulip Tree,SR0205PSP,3.5,5.23,18.3,18.3,18.3,18.3
60,Tulip Tree,SR0205PSP,10.3,12.2,125.7,125.7,125.7,125.7
60,Tulip Tree,SR0212PSP,9.3,11.2,104.2,104.2,104.2,104.2
60,Tulip Tree,SR0205PSP,24.1,19.4,467.5,467.5,467.5,467.5
60,Tulip Tree,SR0209PSP,29.6,26,769.6,769.6,769.6,769.6
60,Tulip Tree,SR0212PSP,9.3,11.3,105.1,105.1,105.1,105.1
60,Tulip Tree,SR0212PSP,7.8,9.3,72.54,72.54,72.54,72.54
60,Tulip Tree,SR0407PSP,55.5,32.6,1809.0,1809.0,1809.0,1809.0
68,Common Hackberry,SR0206PSP,25.7,18.5,475.4,475.4,475.4,475.4
68,Common Hackberry,SR0208PSP,6.6,8,52.8,52.8,52.8,52.8
68,Common Hackberry,SR0208PSP,11.7,15.1,176.7,176.7,176.7,176.7
68,Common Hackberry,SR0208PSP,6.9,3.63,25.05,25.05,25.05,25.05
68,Common Hackberry,SR0208PSP,15.1,15,226.5,226.5,226.5,226.5
68,Common Hackberry,SR0208PSP,14.7,13.3,195.5,195.5,195.5,195.5
68,Common Hackberry,SR0208PSP,6.6,9.7,64.02,64.02,64.02,64.02
68,Common Hackberry,SR0208PSP,4,6.4,25.6,25.6,25.6,25.6
68,Common Hackberry,SR0206PSP,26.5,21.5,569.8,569.8,569.8,569.8
68,Common Hackberry,SR0208PSP,3.2,2.12,6.784,6.784,6.784,6.784
68,Common Hackberry,SR0208PSP,5.7,7.77,44.29,44.29,44.29,44.29
68,Common Hackberry,SR0208PSP,7.7,7.92,60.98,60.98,60.98,60.98
68,Common Hackberry,SR0208PSP,13.7,13.9,190.4,190.4,190.4,190.4
68,Common Hackberry,SR0208PSP,6.2,8.14,50.47,50.47,50.47,50.47
68,Common Hackberry,SR0208PSP,13.4,12.5,167.5,167.5,167.5,167.5
68,Common Hackberry,SR0208PSP,11.2,13.5,151.2,151.2,151.2,151.2
70,Large-tooth Aspen,SR2011PSP,40.6,23.9,970.3,970.3,970.3,970.3
70,Large-tooth Aspen,CE2001PSP,6.8,9.3,63.24,63.24,63.24,63.24
70,Large-tooth Aspen,CE3026PSP,41.8,27.4,1145.0,1145.0,1145.0,1145.0
70,Large-tooth Aspen,LWP1994009PSP,5.7,8.67,49.42,49.42,49.42,49.42
70,Large-tooth Aspen,LWP1999024PSP,5.3,6.21,32.91,32.91,32.91,32.91
70,Large-tooth Aspen,NOR2016001PSP,27.6,27.7,764.5,764.5,764.5,764.5
70,Large-tooth Aspen,CE7026PSP,14.6,19.1,278.9,278.9,278.9,278.9
70,Large-tooth Aspen,CE1013PSP,18.6,25.15,467.8,467.8,467.8,467.8
70,Large-tooth Aspen,FCDOM200239PGP,9.7,10.3,99.91,99.91,99.91,99.91
70,Large-tooth Aspen,CE7018PSP,6.3,9.2,57.96,57.96,57.96,57.96
70,Large-tooth Aspen,FCBOW56-036-0PGP,35.7,19,678.3,678.3,678.3,678.3
70,Large-tooth Aspen,SR4421PSP,16.7,15.2,253.8,253.8,253.8,253.8
70,Large-tooth Aspen,FCBOW56-036-0PGP,5.4,5.5,29.7,29.7,29.7,29.7
70,Large-tooth Aspen,LWP1994009PSP,11.3,16,180.8,180.8,180.8,180.8
70,Large-tooth Aspen,CE3033PSP,24.4,23.6,575.8,575.8,575.8,575.8
70,Large-tooth Aspen,CE0042PSP,28.8,14.9,429.1,429.1,429.1,429.1
70,Large-tooth Aspen,CE7026PSP,23.1,25.68,593.2,593.2,593.2,593.2
70,Large-tooth Aspen,1287546PIP,5.6,10.3,57.68,57.68,57.68,57.68
70,Large-tooth Aspen,CE7012PSP,34.9,28.05,978.9,978.9,978.9,978.9
70,Large-tooth Aspen,CE3004PSP,7.8,11.2,87.36,87.36,87.36,87.36
70,Large-tooth Aspen,SR4421PSP,20.5,14.8,303.4,303.4,303.4,303.4
70,Large-tooth Aspen,SR1201PSP,12.3,15.9,195.6,195.6,195.6,195.6
70,Large-tooth Aspen,SR5009PSP,26.5,25.2,667.8,667.8,667.8,667.8
70,Large-tooth Aspen,CE5006PSP,50.4,26.3,1326.0,1326.0,1326.0,1326.0
72,Carolina Poplar,LD2902PGP,3.4,7,23.8,23.8,23.8,23.8
72,Carolina Poplar,LD2902PGP,3.4,7.1,24.14,24.14,24.14,24.14
73,Balsam Poplar,FCTEM2003007PGP,36.6,18.7,276.2,55.5,10.4,91.86
73,Balsam Poplar,KLK1994013PSP,33.2,22.98,300.9,51.7,7.765,58.66
73,Balsam Poplar,KAP1992001PGP,33.1,21.77,279.7,50.01,7.95,60.41
73,Balsam Poplar,HEA1993008PSP,9.6,7.93,8.739,3.154,1.366,2.731
73,Balsam Poplar,FCNEE_KC2000147PGP,3.2,4.95,0.6875,0.3376,0.2277,0.129
73,Balsam Poplar,KAP1992001PGP,24.3,22.36,167.1,28.95,4.408,22.83
73,Balsam Poplar,FCTEM2002095PGP,6,7.8,3.715,1.334,0.5745,0.648
73,Balsam Poplar,FCDOM200509PGP,15.9,13,39.82,10.15,2.679,9.095
73,Balsam Poplar,FCTEM_KAP2000036PGP,2.5,3.69,0.3067,0.1855,0.1684,0.07432
73,Balsam Poplar,FCTEM_KAP2000043PGP,10.5,11.41,16.18,4.474,1.327,2.775
73,Balsam Poplar,KLK1994013PSP,3.6,4.62,0.7771,0.4035,0.2942,0.1949
73,Balsam Poplar,1232416PIP,19.5,14,62.79,15.27,3.764,16.19
73,Balsam Poplar,CHT2005003PGP,37.5,19.7,307.9,59.57,10.58,95.39
73,Balsam Poplar,COC2019002PSP,19.2,16.2,73.37,16.0,3.381,13.9
73,Balsam Poplar,1197961PIP,2.6,4.2,0.3869,0.2129,0.169,0.07645
73,Balsam Poplar,FCTEM2001096PGP,46.8,21.3,503.3,92.66,15.33,178.7
73,Balsam Poplar,FCABI200238PGP,34.9,22.66,323.1,56.2,8.586,69.12
73,Balsam Poplar,COC1994016PSP,38.4,23.74,405.9,68.45,10.0,89.79
73,Balsam Poplar,CHT2002002PGP,35.1,21.7,309.1,55.53,8.882,72.57
73,Balsam Poplar,MAN1995001PSP,17,17.4,64.66,13.31,2.594,9.074
73,Balsam Poplar,FCTEM2002078PGP,11.4,13.4,22.91,5.641,1.419,3.188
73,Balsam Poplar,1321811PIP,4.1,4.5,0.9471,0.5039,0.3801,0.2967
73,Balsam Poplar,1294231PIP,3.6,5.3,0.9233,0.433,0.2732,0.1767
73,Balsam Poplar,FCTEM2003031PGP,24.6,20.05,148.9,27.99,4.782,25.64
74,Trembling Aspen,NP1996002PSP,22.8,21.3,154.7,32.02,NotAv,19.28
74,Trembling Aspen,MAN1994007PSP,9.1,15.05,18.06,3.76,NotAv,1.627
74,Trembling Aspen,FCWEY4S2002017PGP,12.6,13.2,29.54,6.787,NotAv,4.575
74,Trembling Aspen,FCDOM200304PGP,5.6,7.34,3.297,0.8508,NotAv,0.6139
74,Trembling Aspen,FCBOW3-15A-0PGP,31,22.28,294.4,62.53,NotAv,46.07
74,Trembling Aspen,MAN1994007PSP,9.8,16.35,22.76,4.634,NotAv,1.919
74,Trembling Aspen,FCDOM200339PGP,18.5,17.6,84.33,18.27,NotAv,11.77
74,Trembling Aspen,FCACI_TB200409PGP,45.5,25.7,720.4,152.8,NotAv,129.6
74,Trembling Aspen,FCDOM200322PGP,29.8,22,269.1,57.12,NotAv,41.36
74,Trembling Aspen,NP1993007PSP,19.2,19.93,103.4,21.43,NotAv,12.15
74,Trembling Aspen,FCWEY4S2001062PGP,5.1,5.96,2.207,0.6101,NotAv,0.5315
74,Trembling Aspen,FCWEY4S2004018PGP,15.9,18.12,64.83,13.58,NotAv,7.422
74,Trembling Aspen,SG1999003PSP,23.2,22.87,172.5,34.8,NotAv,19.4
74,Trembling Aspen,FCNEE_KC2000140PGP,8.8,11.09,12.25,2.865,NotAv,1.783
74,Trembling Aspen,FCTEM2003002PGP,42,19.61,463.5,108.1,NotAv,121.3
74,Trembling Aspen,FCBOW4-2002-18PGP,26.1,19.4,182.2,39.88,NotAv,30.34
74,Trembling Aspen,1205026PIP,3.3,6.3,1.006,0.2557,NotAv,0.1436
74,Trembling Aspen,LSJP1994042PSP,8.8,13.33,14.88,3.236,NotAv,1.59
74,Trembling Aspen,TBP1995050PSP,11.4,16.42,30.65,6.367,NotAv,2.98
74,Trembling Aspen,KLK2000001PGP,35.9,25.5,451.3,92.81,NotAv,65.08
74,Trembling Aspen,TBP1992010PSP,25.4,19.5,173.8,37.82,NotAv,27.93
74,Trembling Aspen,CHA1995022PSP,13,17.61,42.57,8.766,NotAv,4.19
74,Trembling Aspen,WF2001017PGP,27.6,22.5,237.5,49.42,NotAv,32.59
74,Trembling Aspen,CE2018PSP,9.4,13.9,17.68,3.816,NotAv,1.879
75,Populus species,SR0401PSP,37.2,24.9,926.3,926.3,926.3,926.3
75,Populus species,ACH_NPGP,23.4,17.7,414.2,414.2,414.2,414.2
75,Populus species,ACH_NPGP,25.4,19.5,495.3,495.3,495.3,495.3
75,Populus species,ARGS025PGP,27.2,23.16,630.0,630.0,630.0,630.0
75,Populus species,ARGS025PGP,29.2,24.08,703.1,703.1,703.1,703.1
75,Populus species,SR0401PSP,21.5,20.9,449.3,449.3,449.3,449.3
75,Populus species,ARGS058PGP,25.9,19.81,513.1,513.1,513.1,513.1
75,Populus species,SR0401PSP,36.3,21.8,791.3,791.3,791.3,791.3
75,Populus species,ACH_NPGP,19.3,15.2,293.4,293.4,293.4,293.4
75,Populus species,SR0401PSP,21.2,23.5,498.2,498.2,498.2,498.2
75,Populus species,ACH_IPGP,21.3,25,532.5,532.5,532.5,532.5
75,Populus species,ACH_NPGP,24.4,22.7,553.9,553.9,553.9,553.9
75,Populus species,ARGS058PGP,28.4,22.25,631.9,631.9,631.9,631.9
75,Populus species,ACH_IPGP,20.8,22.6,470.1,470.1,470.1,470.1
75,Populus species,ACH_IPGP,22.9,17.4,398.5,398.5,398.5,398.5
78,Sassafras,SR1208PSP,32.4,28.6,926.6,926.6,926.6,926.6
78,Sassafras,SR1004PSP,28.5,22.3,635.6,635.6,635.6,635.6
78,Sassafras,SR0205PSP,43.6,19,828.4,828.4,828.4,828.4
78,Sassafras,SR0217PSP,19.3,14.5,279.9,279.9,279.9,279.9
78,Sassafras,SR0205PSP,5.8,8.19,47.5,47.5,47.5,47.5
78,Sassafras,SR1004PSP,24,20.8,499.2,499.2,499.2,499.2
78,Sassafras,SR0205PSP,7.7,10.9,83.93,83.93,83.93,83.93
78,Sassafras,SR1004PSP,24.9,24,597.6,597.6,597.6,597.6
78,Sassafras,SR0206PSP,5.5,6.32,34.76,34.76,34.76,34.76
78,Sassafras,SR1208PSP,31.1,29.5,917.5,917.5,917.5,917.5
78,Sassafras,SR0206PSP,6,6.8,40.8,40.8,40.8,40.8
78,Sassafras,SR0205PSP,3.9,6.55,25.54,25.54,25.54,25.54
78,Sassafras,SR0404PSP,29.1,23.5,683.9,683.9,683.9,683.9
78,Sassafras,SR0206PSP,16.5,17.5,288.8,288.8,288.8,288.8
78,Sassafras,SR0206PSP,30.5,22.5,686.2,686.2,686.2,686.2
78,Sassafras,SR0217PSP,29.9,15,448.5,448.5,448.5,448.5
78,Sassafras,SR0205PSP,7.4,12,88.8,88.8,88.8,88.8
78,Sassafras,SR0205PSP,17.1,13,222.3,222.3,222.3,222.3
78,Sassafras,SR0206PSP,18.8,18.9,355.3,355.3,355.3,355.3
78,Sassafras,SR0205PSP,18.9,17.1,323.2,323.2,323.2,323.2
78,Sassafras,SR0205PSP,5,8.3,41.5,41.5,41.5,41.5
78,Sassafras,SR0205PSP,4.5,7.34,33.03,33.03,33.03,33.03
78,Sassafras,SR1208PSP,34,30.6,1040.0,1040.0,1040.0,1040.0
78,Sassafras,SR0217PSP,12.2,8.34,101.7,101.7,101.7,101.7
86,Black Oak,SR0406PSP,23.9,21.8,521.0,521.0,521.0,521.0
86,Black Oak,SR0406PSP,31.3,23.9,748.1,748.1,748.1,748.1
86,Black Oak,SR0406PSP,47.6,26.4,1257.0,1257.0,1257.0,1257.0
86,Black Oak,SR0405PSP,46.3,27.4,1269.0,1269.0,1269.0,1269.0
86,Black Oak,SR0405PSP,43.2,30.8,1331.0,1331.0,1331.0,1331.0
86,Black Oak,SR0405PSP,36.6,25.8,944.3,944.3,944.3,944.3
86,Black Oak,SR0406PSP,22.6,19.5,440.7,440.7,440.7,440.7
86,Black Oak,SR0406PSP,29.4,23.5,690.9,690.9,690.9,690.9
86,Black Oak,SR0406PSP,24.6,24.7,607.6,607.6,607.6,607.6
86,Black Oak,SR0405PSP,40.6,25.9,1052.0,1052.0,1052.0,1052.0
86,Black Oak,SR0405PSP,39.6,27,1069.0,1069.0,1069.0,1069.0
88,Swamp White Oak,SR1015PSP,20.7,15.7,325.0,325.0,325.0,325.0
88,Swamp White Oak,SR0205PSP,23.6,22.4,528.6,528.6,528.6,528.6
88,Swamp White Oak,SR1015PSP,36,22.5,810.0,810.0,810.0,810.0
88,Swamp White Oak,SR1015PSP,26.9,16.71,449.5,449.5,449.5,449.5
88,Swamp White Oak,SR1015PSP,20.9,18.5,386.6,386.6,386.6,386.6
88,Swamp White Oak,SR0205PSP,29.6,21.9,648.2,648.2,648.2,648.2
88,Swamp White Oak,SR1015PSP,36.9,22.3,822.9,822.9,822.9,822.9
88,Swamp White Oak,SR1015PSP,22,17.1,376.2,376.2,376.2,376.2
88,Swamp White Oak,SR1015PSP,16.2,17.3,280.3,280.3,280.3,280.3
88,Swamp White Oak,SR1015PSP,18.6,16.9,314.3,314.3,314.3,314.3
88,Swamp White Oak,SR1015PSP,31.9,21.4,682.7,682.7,682.7,682.7
88,Swamp White Oak,SR0208PSP,45.4,27.3,1239.0,1239.0,1239.0,1239.0
88,Swamp White Oak,SR1022PSP,29.6,20.3,600.9,600.9,600.9,600.9
88,Swamp White Oak,SR0208PSP,36.9,24,885.6,885.6,885.6,885.6
88,Swamp White Oak,SR1015PSP,23.2,17.6,408.3,408.3,408.3,408.3
88,Swamp White Oak,SR1015PSP,13,13.7,178.1,178.1,178.1,178.1
89,Sweet Pignut Hickory,SR1004PSP,50.9,29.3,1491.0,1491.0,1491.0,1491.0
89,Sweet Pignut Hickory,SR1008PSP,34.1,30.1,1026.0,1026.0,1026.0,1026.0
89,Sweet Pignut Hickory,SR1003PSP,42.3,27.9,1180.0,1180.0,1180.0,1180.0
89,Sweet Pignut Hickory,SR1002PSP,40.9,31.8,1301.0,1301.0,1301.0,1301.0
89,Sweet Pignut Hickory,SR1008PSP,38.9,30.3,1179.0,1179.0,1179.0,1179.0
89,Sweet Pignut Hickory,SR1023PSP,40.8,26.7,1089.0,1089.0,1089.0,1089.0
89,Sweet Pignut Hickory,SR1008PSP,40.3,27.8,1120.0,1120.0,1120.0,1120.0
89,Sweet Pignut Hickory,SR1008PSP,38.5,27.9,1074.0,1074.0,1074.0,1074.0
90,Sweet Cherry,SR1201PSP,31.9,22.2,708.2,708.2,708.2,708.2
90,Sweet Cherry,SR1207PSP,30.9,26.2,809.6,809.6,809.6,809.6
90,Sweet Cherry,SR1213PSP,3.3,5.2,17.16,17.16,17.16,17.16
90,Sweet Cherry,SR1013PSP,8,11.5,92.0,92.0,92.0,92.0
90,Sweet Cherry,SR1202PSP,5.5,10.1,55.55,55.55,55.55,55.55
90,Sweet Cherry,SR1201PSP,31.7,20,634.0,634.0,634.0,634.0
90,Sweet Cherry,SR1207PSP,32.6,30.4,991.0,991.0,991.0,991.0
90,Sweet Cherry,SR1201PSP,31.6,21.2,669.9,669.9,669.9,669.9
90,Sweet Cherry,SR1213PSP,4.1,5.4,22.14,22.14,22.14,22.14
90,Sweet Cherry,SR1201PSP,27.3,19.2,524.2,524.2,524.2,524.2
90,Sweet Cherry,SR1202PSP,4.6,8.2,37.72,37.72,37.72,37.72
90,Sweet Cherry,SR1201PSP,29.7,21.1,626.7,626.7,626.7,626.7
90,Sweet Cherry,SR1201PSP,28.8,18.9,544.3,544.3,544.3,544.3
90,Sweet Cherry,SR1202PSP,5.5,9.9,54.45,54.45,54.45,54.45
94,Black Maple,SR5407PSP,23.5,16.4,385.4,385.4,385.4,385.4
94,Black Maple,SR1209PSP,24.1,20.1,484.4,484.4,484.4,484.4
94,Black Maple,SR4426PSP,42.1,19.5,821.0,821.0,821.0,821.0
94,Black Maple,SR4426PSP,25.8,21.3,549.5,549.5,549.5,549.5
94,Black Maple,SR0201PSP,7.5,10.6,79.5,79.5,79.5,79.5
94,Black Maple,SR5407PSP,11.1,10.7,118.8,118.8,118.8,118.8
94,Black Maple,SR1209PSP,16.3,17.5,285.2,285.2,285.2,285.2
94,Black Maple,SR4005PSP,16.5,15,247.5,247.5,247.5,247.5
94,Black Maple,SR4008PSP,5.7,9.52,54.26,54.26,54.26,54.26
94,Black Maple,SR4427PSP,31,20.1,623.1,623.1,623.1,623.1
94,Black Maple,SR1021PSP,5.7,9.6,54.72,54.72,54.72,54.72
94,Black Maple,SR1209PSP,26.2,21.6,565.9,565.9,565.9,565.9
94,Black Maple,SR5415PSP,10.7,13.9,148.7,148.7,148.7,148.7
94,Black Maple,SR0001PSP,3.8,4.9,18.62,18.62,18.62,18.62
94,Black Maple,SR1209PSP,41.6,27.2,1132.0,1132.0,1132.0,1132.0
94,Black Maple,SR5407PSP,14.6,14.7,214.6,214.6,214.6,214.6
94,Black Maple,SR1021PSP,3.3,5.6,18.48,18.48,18.48,18.48
94,Black Maple,SR1003PSP,38.7,25.3,979.1,979.1,979.1,979.1
94,Black Maple,SR5407PSP,12.2,11.8,144.0,144.0,144.0,144.0
94,Black Maple,SR1209PSP,44.3,26.6,1178.0,1178.0,1178.0,1178.0
94,Black Maple,SR4005PSP,8.7,10.84,94.31,94.31,94.31,94.31
94,Black Maple,SR1209PSP,38,24.5,931.0,931.0,931.0,931.0
94,Black Maple,SR4426PSP,3,4.55,13.65,13.65,13.65,13.65
94,Black Maple,SR1209PSP,6.2,10.8,66.96,66.96,66.96,66.96
111,American Hornbeam,SR0205PSP,16.1,6.75,108.7,108.7,108.7,108.7
111,American Hornbeam,SR0206PSP,15,9.53,142.9,142.9,142.9,142.9
111,American Hornbeam,SR5009PSP,2.9,5.15,14.94,14.94,14.94,14.94
111,American Hornbeam,SR0208PSP,6.9,6.94,47.89,47.89,47.89,47.89
111,American Hornbeam,SR0208PSP,10.4,13.5,140.4,140.4,140.4,140.4
111,American Hornbeam,SR0208PSP,6.2,11.2,69.44,69.44,69.44,69.44
111,American Hornbeam,SR0208PSP,10.3,11.8,121.5,121.5,121.5,121.5
111,American Hornbeam,SR0208PSP,8.6,9.6,82.56,82.56,82.56,82.56
111,American Hornbeam,SR5417PSP,28,18.6,520.8,520.8,520.8,520.8
111,American Hornbeam,SR0207PSP,8.2,8.25,67.65,67.65,67.65,67.65
111,American Hornbeam,SR1204PSP,4.7,6.99,32.85,32.85,32.85,32.85
111,American Hornbeam,SR0208PSP,11.2,10.62,118.9,118.9,118.9,118.9
111,American Hornbeam,SR5404PSP,2.8,7,19.6,19.6,19.6,19.6
111,American Hornbeam,SR0211PSP,13.1,10.1,132.3,132.3,132.3,132.3
111,American Hornbeam,SR1401PSP,2.8,3.02,8.456,8.456,8.456,8.456
117,Manitoba Maple,SR2230PSP,9.9,12.2,120.8,120.8,120.8,120.8
117,Manitoba Maple,SR5024PSP,5.1,4.6,23.46,23.46,23.46,23.46
117,Manitoba Maple,SR2230PSP,3.2,5.45,17.44,17.44,17.44,17.44
117,Manitoba Maple,SR2230PSP,3.7,5.74,21.24,21.24,21.24,21.24
117,Manitoba Maple,SR2230PSP,9.1,12.3,111.9,111.9,111.9,111.9
117,Manitoba Maple,SR5024PSP,4.2,4.5,18.9,18.9,18.9,18.9
117,Manitoba Maple,SR2230PSP,9.1,12.6,114.7,114.7,114.7,114.7
117,Manitoba Maple,SR5024PSP,6.1,5.3,32.33,32.33,32.33,32.33
123,Bitternut Hickory,SR5003PSP,6,5.45,32.7,32.7,32.7,32.7
123,Bitternut Hickory,SR4001PSP,23.2,25.3,587.0,587.0,587.0,587.0
123,Bitternut Hickory,SR4413PSP,26.3,20.1,528.6,528.6,528.6,528.6
123,Bitternut Hickory,SR0207PSP,9.9,11.5,113.9,113.9,113.9,113.9
123,Bitternut Hickory,SR0003PSP,9.8,13.4,131.3,131.3,131.3,131.3
123,Bitternut Hickory,SR4423PSP,30.3,15.1,457.5,457.5,457.5,457.5
123,Bitternut Hickory,SR4424PSP,18.1,15.5,280.6,280.6,280.6,280.6
123,Bitternut Hickory,SR4417PSP,19.5,21.1,411.5,411.5,411.5,411.5
123,Bitternut Hickory,SR4008PSP,9.2,18.7,172.0,172.0,172.0,172.0
123,Bitternut Hickory,SR0022PSP,33.6,32.4,1089.0,1089.0,1089.0,1089.0
123,Bitternut Hickory,SR5002PSP,30,22,660.0,660.0,660.0,660.0
123,Bitternut Hickory,SR5003PSP,13.2,17.5,231.0,231.0,231.0,231.0
123,Bitternut Hickory,SR0007PSP,35.6,35.4,1260.0,1260.0,1260.0,1260.0
123,Bitternut Hickory,SR1017PSP,19.2,21.3,409.0,409.0,409.0,409.0
123,Bitternut Hickory,SR5001PSP,15.2,18.5,281.2,281.2,281.2,281.2
123,Bitternut Hickory,SR1201PSP,17.5,19.51,341.4,341.4,341.4,341.4
123,Bitternut Hickory,SR4406PSP,5.7,9.62,54.83,54.83,54.83,54.83
123,Bitternut Hickory,SR0208PSP,7,9.99,69.93,69.93,69.93,69.93
123,Bitternut Hickory,SR4413PSP,4.9,8.4,41.16,41.16,41.16,41.16
123,Bitternut Hickory,SR1017PSP,26.8,24.6,659.3,659.3,659.3,659.3
123,Bitternut Hickory,SR4413PSP,18.2,19.7,358.5,358.5,358.5,358.5
123,Bitternut Hickory,SR1201PSP,6.3,10.6,66.78,66.78,66.78,66.78
123,Bitternut Hickory,SR4407PSP,26.8,21.3,570.8,570.8,570.8,570.8
123,Bitternut Hickory,SR1209PSP,26,22,572.0,572.0,572.0,572.0
124,Shagbark Hickory,SR0201PSP,17.9,21.9,392.0,392.0,392.0,392.0
124,Shagbark Hickory,SR5024PSP,2.9,6.74,19.55,19.55,19.55,19.55
124,Shagbark Hickory,SR0205PSP,25.3,20.5,518.6,518.6,518.6,518.6
124,Shagbark Hickory,SR0216PSP,25.7,22.2,570.5,570.5,570.5,570.5
124,Shagbark Hickory,SR1202PSP,25.5,24,612.0,612.0,612.0,612.0
124,Shagbark Hickory,SR5024PSP,4.2,7.06,29.65,29.65,29.65,29.65
124,Shagbark Hickory,SR1202PSP,24.2,21.5,520.3,520.3,520.3,520.3
124,Shagbark Hickory,SR1023PSP,29.5,22.8,672.6,672.6,672.6,672.6
124,Shagbark Hickory,SR5417PSP,10.7,15.9,170.1,170.1,170.1,170.1
124,Shagbark Hickory,SR1202PSP,5,6.9,34.5,34.5,34.5,34.5
124,Shagbark Hickory,SR0204PSP,33,20,660.0,660.0,660.0,660.0
124,Shagbark Hickory,SR1022PSP,17,17.3,294.1,294.1,294.1,294.1
124,Shagbark Hickory,SR1021PSP,39.4,24.5,965.3,965.3,965.3,965.3
124,Shagbark Hickory,SR0205PSP,32.1,25.5,818.6,818.6,818.6,818.6
124,Shagbark Hickory,SR0404PSP,20.1,21.6,434.2,434.2,434.2,434.2
124,Shagbark Hickory,SR1202PSP,3.3,5.56,18.35,18.35,18.35,18.35
124,Shagbark Hickory,SR1203PSP,28.1,26.7,750.3,750.3,750.3,750.3
124,Shagbark Hickory,SR0205PSP,3.2,5.43,17.38,17.38,17.38,17.38
124,Shagbark Hickory,SR0204PSP,8.3,11.9,98.77,98.77,98.77,98.77
124,Shagbark Hickory,SR1201PSP,6.8,8.92,60.66,60.66,60.66,60.66
124,Shagbark Hickory,SR1203PSP,23.3,25.5,594.1,594.1,594.1,594.1
124,Shagbark Hickory,SR1219PSP,20.3,25.2,511.6,511.6,511.6,511.6
124,Shagbark Hickory,SR5024PSP,2.6,3.7,9.62,9.62,9.62,9.62
124,Shagbark Hickory,SR0016PSP,16.6,18,298.8,298.8,298.8,298.8
136,Cucumber Tree,SR1210PSP,44.1,26,1147.0,1147.0,1147.0,1147.0
136,Cucumber Tree,SR1210PSP,2.5,3.78,9.45,9.45,9.45,9.45
136,Cucumber Tree,SR1210PSP,68.8,29.42,2024.0,2024.0,2024.0,2024.0
136,Cucumber Tree,SR1210PSP,4,5.36,21.44,21.44,21.44,21.44
136,Cucumber Tree,SR1210PSP,2.7,4.55,12.29,12.29,12.29,12.29
139,Pin Cherry,NBPWP031PGP,5.5,7.5,41.25,41.25,41.25,41.25
139,Pin Cherry,FCDOM200243PGP,12.2,13.1,159.8,159.8,159.8,159.8
139,Pin Cherry,CE0006PSP,11.3,13.4,151.4,151.4,151.4,151.4
139,Pin Cherry,BAN2004025PGP,17.7,13.3,235.4,235.4,235.4,235.4
139,Pin Cherry,HEM_CLAN294PGP,16.5,15,247.5,247.5,247.5,247.5
139,Pin Cherry,BY_MCPGP,9.7,12.9,125.1,125.1,125.1,125.1
139,Pin Cherry,NBPWP031PGP,5.7,7.9,45.03,45.03,45.03,45.03
139,Pin Cherry,IFF1993009PSP,8.4,11.3,94.92,94.92,94.92,94.92
139,Pin Cherry,HEM_BRUT497PGP,12.7,12,152.4,152.4,152.4,152.4
139,Pin Cherry,CE3017PSP,3.8,7.7,29.26,29.26,29.26,29.26
139,Pin Cherry,IFF1993009PSP,8.4,12,100.8,100.8,100.8,100.8
139,Pin Cherry,CE0006PSP,12.9,13.4,172.9,172.9,172.9,172.9
139,Pin Cherry,TBP1992016PSP,12.5,13.9,173.8,173.8,173.8,173.8
139,Pin Cherry,IFF1993009PSP,8.7,11,95.7,95.7,95.7,95.7
139,Pin Cherry,COC2019001PSP,7.7,12,92.4,92.4,92.4,92.4
139,Pin Cherry,BY_L1CTPGP,15.5,16.5,255.8,255.8,255.8,255.8
169,Slippery Elm,SR5204PSP,15.5,14.2,220.1,220.1,220.1,220.1
169,Slippery Elm,SR4406PSP,6.4,6.6,42.24,42.24,42.24,42.24
169,Slippery Elm,SR4406PSP,3.2,4.5,14.4,14.4,14.4,14.4
169,Slippery Elm,SR4424PSP,29.8,20.5,610.9,610.9,610.9,610.9
169,Slippery Elm,SR4406PSP,21.1,19.1,403.0,403.0,403.0,403.0
169,Slippery Elm,SR5416PSP,8.2,8.3,68.06,68.06,68.06,68.06
169,Slippery Elm,SR4424PSP,30,18.8,564.0,564.0,564.0,564.0
169,Slippery Elm,SR5407PSP,16.9,11.8,199.4,199.4,199.4,199.4
169,Slippery Elm,SR5007PSP,6.1,6.3,38.43,38.43,38.43,38.43
169,Slippery Elm,SR4424PSP,29.4,17.7,520.4,520.4,520.4,520.4
169,Slippery Elm,SR5416PSP,14.8,18,266.4,266.4,266.4,266.4
169,Slippery Elm,SR5416PSP,34.6,25.3,875.4,875.4,875.4,875.4
169,Slippery Elm,SR5007PSP,29.2,16,467.2,467.2,467.2,467.2
169,Slippery Elm,SR5416PSP,7.9,7.56,59.72,59.72,59.72,59.72
169,Slippery Elm,SR4424PSP,12.8,11.8,151.0,151.0,151.0,151.0
169,Slippery Elm,SR5416PSP,12.7,18.1,229.9,229.9,229.9,229.9
169,Slippery Elm,SR4424PSP,12.2,13.9,169.6,169.6,169.6,169.6
169,Slippery Elm,SR5416PSP,11.3,8.95,101.1,101.1,101.1,101.1
169,Slippery Elm,SR4424PSP,6.5,8.7,56.55,56.55,56.55,56.55
169,Slippery Elm,SR5416PSP,8.7,8.45,73.51,73.51,73.51,73.51
169,Slippery Elm,SR5414PSP,8.6,7.42,63.81,63.81,63.81,63.81
169,Slippery Elm,SR5007PSP,28.5,15.3,436.1,436.1,436.1,436.1
170,Rock Elm,NBBY043PGP,14.8,15.4,227.9,227.9,227.9,227.9
170,Rock Elm,SR5417PSP,25.7,18.7,480.6,480.6,480.6,480.6
170,Rock Elm,SR3011PSP,5.7,6.2,35.34,35.34,35.34,35.34
170,Rock Elm,SR5417PSP,18.9,20.3,383.7,383.7,383.7,383.7
170,Rock Elm,SR4012PSP,5.3,6.28,33.28,33.28,33.28,33.28
170,Rock Elm,SR1022PSP,6.4,9.8,62.72,62.72,62.72,62.72
170,Rock Elm,NBBY043PGP,15.3,13.7,209.6,209.6,209.6,209.6
170,Rock Elm,SR4012PSP,5.2,6.65,34.58,34.58,34.58,34.58
170,Rock Elm,SR5404PSP,8.3,11.7,97.11,97.11,97.11,97.11
170,Rock Elm,SR1017PSP,28.4,26.2,744.1,744.1,744.1,744.1
170,Rock Elm,SR5417PSP,19.4,20.2,391.9,391.9,391.9,391.9
170,Rock Elm,SR1022PSP,3.8,6.1,23.18,23.18,23.18,23.18
170,Rock Elm,SR5417PSP,9.4,14,131.6,131.6,131.6,131.6
170,Rock Elm,SR5417PSP,15,18.5,277.5,277.5,277.5,277.5
170,Rock Elm,SR1017PSP,27.7,24.2,670.3,670.3,670.3,670.3
170,Rock Elm,SR5417PSP,18.2,18.3,333.1,333.1,333.1,333.1
170,Rock Elm,SR4012PSP,8.5,7.27,61.79,61.79,61.79,61.79
170,Rock Elm,SR5417PSP,24.9,20.3,505.5,505.5,505.5,505.5
170,Rock Elm,SR5417PSP,18.5,19.3,357.1,357.1,357.1,357.1
177,Freeman's Maple,SR5404PSP,31.7,25.8,817.9,817.9,817.9,817.9
177,Freeman's Maple,SR5404PSP,40.9,29.5,1207.0,1207.0,1207.0,1207.0
177,Freeman's Maple,SR5404PSP,10.7,14.1,150.9,150.9,150.9,150.9
177,Freeman's Maple,SR5404PSP,4.1,6.45,26.44,26.44,26.44,26.44
177,Freeman's Maple,SR5404PSP,22.7,24,544.8,544.8,544.8,544.8
177,Freeman's Maple,SR5404PSP,12.7,18.1,229.9,229.9,229.9,229.9
177,Freeman's Maple,SR5404PSP,6.7,9.6,64.32,64.32,64.32,64.32
177,Freeman's Maple,SR5404PSP,23.5,24.3,571.1,571.1,571.1,571.1
177,Freeman's Maple,SR5404PSP,29.7,29,861.3,861.3,861.3,861.3
903,Salix tree species,1225636PIP,11,10.4,114.4,114.4,114.4,114.4
903,Salix tree species,1191231PIP,9.4,6.9,64.86,64.86,64.86,64.86
903,Salix tree species,COC2019002PSP,9,9.9,89.1,89.1,89.1,89.1
903,Salix tree species,1225636PIP,12.8,8.8,112.6,112.6,112.6,112.6
903,Salix tree species,IFF1993009PSP,7.8,9.6,74.88,74.88,74.88,74.88
903,Salix tree species,1225561PIP,18.3,11,201.3,201.3,201.3,201.3
903,Salix tree species,COC1994017PSP,11,8,88.0,88.0,88.0,88.0
903,Salix tree species,NP1996007PSP,7.9,7.95,62.81,62.81,62.81,62.81
903,Salix tree species,GCF1994010PGP,10.5,8.8,92.4,92.4,92.4,92.4
903,Salix tree species,BR0554PGP,8.7,14.87,129.4,129.4,129.4,129.4
903,Salix tree species,1177416PIP,12.1,9.9,119.8,119.8,119.8,119.8
903,Salix tree species,KLK1994042PSP,8.9,7.1,63.19,63.19,63.19,63.19
903,Salix tree species,GCF1994010PGP,9.6,7.4,71.04,71.04,71.04,71.04
903,Salix tree species,KAP1992004PSP,15.1,11.7,176.7,176.7,176.7,176.7
903,Salix tree species,COC2019001PSP,10.4,13.8,143.5,143.5,143.5,143.5
903,Salix tree species,GCF1994010PGP,8.7,8.5,73.95,73.95,73.95,73.95
1001,Striped Maple,HEM_BRUT399PGP,10.2,12,122.4,122.4,122.4,122.4
1001,Striped Maple,LD2405PGP,9.6,13.9,133.4,133.4,133.4,133.4
1001,Striped Maple,HEM_DICK711PGP,7.5,11,82.5,82.5,82.5,82.5
1001,Striped Maple,LD2603PGP,7.7,9.6,73.92,73.92,73.92,73.92
1001,Striped Maple,HEM_DICK862PGP,8.5,15,127.5,127.5,127.5,127.5
1001,Striped Maple,HEM_DICK598PGP,14,12.5,175.0,175.0,175.0,175.0
1001,Striped Maple,LD0306PGP,8.5,8.4,71.4,71.4,71.4,71.4
1001,Striped Maple,HEM_BRUT494PGP,12.3,11.5,141.5,141.5,141.5,141.5
1001,Striped Maple,HEM_DICK862PGP,12.8,8,102.4,102.4,102.4,102.4
1001,Striped Maple,LD1205PGP,11.8,11.9,140.4,140.4,140.4,140.4
1001,Striped Maple,HEM_LAWR227PGP,8.5,7,59.5,59.5,59.5,59.5
1001,Striped Maple,HEM_DICK862PGP,13.6,8.5,115.6,115.6,115.6,115.6
1001,Striped Maple,HEM_DICK862PGP,10,9,90.0,90.0,90.0,90.0
1001,Striped Maple,HEM_FRES817PGP,9.7,10,97.0,97.0,97.0,97.0
1001,Striped Maple,HEM_DICK711PGP,16.9,14,236.6,236.6,236.6,236.6
1001,Striped Maple,HEM_DICK862PGP,8.7,12,104.4,104.4,104.4,104.4
1005,Amelanchier species,1239491PIP,11.9,10,119.0,119.0,119.0,119.0
1005,Amelanchier species,1239491PIP,7.5,9.9,74.25,74.25,74.25,74.25
1005,Amelanchier species,1239491PIP,11.5,10.2,117.3,117.3,117.3,117.3
1005,Amelanchier species,1246381PIP,8,8.7,69.6,69.6,69.6,69.6
1005,Amelanchier species,1246381PIP,10.4,9.7,100.9,100.9,100.9,100.9
1091,Sorbus species,FCDOM200545PGP,18.5,11.7,216.4,216.4,216.4,216.4
1091,Sorbus species,WWA1995021PSP,11,9.6,105.6,105.6,105.6,105.6
1091,Sorbus species,BP1994012PSP,7.6,8.1,61.56,61.56,61.56,61.56
1091,Sorbus species,NP1996007PSP,10,7.65,76.5,76.5,76.5,76.5
1091,Sorbus species,NP1995014PSP,8.8,8.55,75.24,75.24,75.24,75.24
1091,Sorbus species,FCABI200303PGP,7.5,7.9,59.25,59.25,59.25,59.25
1091,Sorbus species,BR0557PGP,9.1,11.4,103.7,103.7,103.7,103.7
1091,Sorbus species,FCDOM200304PGP,8.1,12.1,98.01,98.01,98.01,98.01
1091,Sorbus species,CHA1995014PSP,8.9,8,71.2,71.2,71.2,71.2
1092,American Mountain-ash,1273661PIP,9.7,11,106.7,106.7,106.7,106.7
1092,American Mountain-ash,1253101PIP,14.7,11.3,166.1,166.1,166.1,166.1
1092,American Mountain-ash,1253101PIP,13.4,10.23,137.1,137.1,137.1,137.1
1092,American Mountain-ash,1253101PIP,19,13.9,264.1,264.1,264.1,264.1
1092,American Mountain-ash,1273661PIP,11,10.2,112.2,112.2,112.2,112.2
1092,American Mountain-ash,1273661PIP,9.6,8.6,82.56,82.56,82.56,82.56
1092,American Mountain-ash,1253101PIP,8.8,8.7,76.56,76.56,76.56,76.56
1092,American Mountain-ash,1253101PIP,20,13.7,274.0,274.0,274.0,274.0
1196,European Buckthorn,SR1001PSP,2.7,5.44,14.69,14.69,14.69,14.69
1196,European Buckthorn,SR1001PSP,6.7,10.2,68.34,68.34,68.34,68.34
1196,European Buckthorn,SR1001PSP,7.4,11.6,85.84,85.84,85.84,85.84
1196,European Buckthorn,SR1001PSP,4.4,9.5,41.8,41.8,41.8,41.8
1196,European Buckthorn,SR1001PSP,4,8.2,32.8,32.8,32.8,32.8
